platform,kind,name,img_url,emoji,codepoints,detail_url
baidu,vendor_only,,https://www.emojiall.com/images/60/baidu/face_010.png,,,
baidu,vendor_only,,https://www.emojiall.com/images/60/baidu/face_012.png,,,
baidu,vendor_only,,https://www.emojiall.com/images/60/baidu/face_013.png,,,
baidu,vendor_only,,https://www.emojiall.com/images/60/baidu/face_018.png,,,
baidu,vendor_only,,https://www.emojiall.com/images/60/baidu/face_019.png,,,
baidu,vendor_only,,https://www.emojiall.com/images/60/baidu/face_021.png,,,
baidu,vendor_only,,https://www.emojiall.com/images/60/baidu/face_028.png,,,
baidu,vendor_only,,https://www.emojiall.com/images/60/baidu/face_029.png,,,
baidu,vendor_only,,https://www.emojiall.com/images/60/baidu/face_033.png,,,
baidu,vendor_only,,https://www.emojiall.com/images/60/baidu/face_034.png,,,
baidu,vendor_only,,https://www.emojiall.com/images/60/baidu/face_038.png,,,
baidu,vendor_only,,https://www.emojiall.com/images/60/baidu/face_039.png,,,
baidu,vendor_only,,https://www.emojiall.com/images/60/baidu/face_045.png,,,
baidu,vendor_only,,https://www.emojiall.com/images/60/baidu/face_048.png,,,
baidu,vendor_only,,https://www.emojiall.com/images/60/baidu/face_049.png,,,
baidu,vendor_only,,https://www.emojiall.com/images/60/baidu/face_050.png,,,
baidu,vendor_only,,https://www.emojiall.com/images/60/baidu/face_052.png,,,
baidu,vendor_only,,https://www.emojiall.com/images/60/baidu/face_065.png,,,
baidu,vendor_only,,https://www.emojiall.com/images/60/baidu/face_067.png,,,
baidu,vendor_only,,https://www.emojiall.com/images/60/baidu/face_069.png,,,
baidu,vendor_only,,https://www.emojiall.com/images/60/baidu/face_071.png,,,
baidu,vendor_only,,https://www.emojiall.com/images/60/baidu/face_072.png,,,
baidu,vendor_only,,https://www.emojiall.com/images/60/baidu/face_073.png,,,
baidu,vendor_only,,https://www.emojiall.com/images/60/baidu/face_074.png,,,
baidu,vendor_only,,https://www.emojiall.com/images/60/baidu/face_075.png,,,
baidu,vendor_only,,https://www.emojiall.com/images/60/baidu/face_076.png,,,
baidu,vendor_only,,https://www.emojiall.com/images/60/baidu/face_079.png,,,
baidu,vendor_only,,https://www.emojiall.com/images/60/baidu/face_084.png,,,
baidu,vendor_only,,https://www.emojiall.com/images/60/baidu/face_085.png,,,
baidu,vendor_only,,https://www.emojiall.com/images/60/baidu/face_086.png,,,
baidu,vendor_only,,https://www.emojiall.com/images/60/baidu/face_087.png,,,
baidu,vendor_only,,https://www.emojiall.com/images/60/baidu/face_088.png,,,
baidu,vendor_only,,https://www.emojiall.com/images/60/baidu/face_092.png,,,
baidu,vendor_only,,https://www.emojiall.com/images/60/baidu/face_093.png,,,
baidu,vendor_only,,https://www.emojiall.com/images/60/baidu/face_094.png,,,
baidu,mapped_not_in_112,å‘µå‘µ,https://www.emojiall.com/images/60/baidu/1f642.png,ğŸ™‚slightly smiling face,U+1F642 U+0073 U+006C U+0069 U+0067 U+0068 U+0074 U+006C U+0079 U+0020 U+0073 U+006D U+0069 U+006C U+0069 U+006E U+0067 U+0020 U+0066 U+0061 U+0063 U+0065,https://www.emojiall.com/en/emoji/%F0%9F%99%82
baidu,mapped_not_in_112,å“ˆå“ˆ,https://www.emojiall.com/images/60/baidu/1f603.png,ğŸ˜ƒgrinning face with big eyes,U+1F603 U+0067 U+0072 U+0069 U+006E U+006E U+0069 U+006E U+0067 U+0020 U+0066 U+0061 U+0063 U+0065 U+0020 U+0077 U+0069 U+0074 U+0068 U+0020 U+0062 U+0069 U+0067 U+0020 U+0065 U+0079 U+0065 U+0073,https://www.emojiall.com/en/emoji/%F0%9F%98%83
baidu,mapped_not_in_112,åèˆŒ,https://www.emojiall.com/images/60/baidu/1f60b.png,ğŸ˜‹face savoring food,U+1F60B U+0066 U+0061 U+0063 U+0065 U+0020 U+0073 U+0061 U+0076 U+006F U+0072 U+0069 U+006E U+0067 U+0020 U+0066 U+006F U+006F U+0064,https://www.emojiall.com/en/emoji/%F0%9F%98%8B
baidu,mapped_not_in_112,å•Š,https://www.emojiall.com/images/60/baidu/1f626.png,ğŸ˜¦frowning face with open mouth,U+1F626 U+0066 U+0072 U+006F U+0077 U+006E U+0069 U+006E U+0067 U+0020 U+0066 U+0061 U+0063 U+0065 U+0020 U+0077 U+0069 U+0074 U+0068 U+0020 U+006F U+0070 U+0065 U+006E U+0020 U+006D U+006F U+0075 U+0074 U+0068,https://www.emojiall.com/en/emoji/%F0%9F%98%A6
baidu,mapped_not_in_112,é…·,https://www.emojiall.com/images/60/baidu/1f60e.png,ğŸ˜smiling face with sunglasses,U+1F60E U+0073 U+006D U+0069 U+006C U+0069 U+006E U+0067 U+0020 U+0066 U+0061 U+0063 U+0065 U+0020 U+0077 U+0069 U+0074 U+0068 U+0020 U+0073 U+0075 U+006E U+0067 U+006C U+0061 U+0073 U+0073 U+0065 U+0073,https://www.emojiall.com/en/emoji/%F0%9F%98%8E
baidu,mapped_not_in_112,æ€’,https://www.emojiall.com/images/60/baidu/1f621.png,ğŸ˜¡enraged face,U+1F621 U+0065 U+006E U+0072 U+0061 U+0067 U+0065 U+0064 U+0020 U+0066 U+0061 U+0063 U+0065,https://www.emojiall.com/en/emoji/%F0%9F%98%A1
baidu,mapped_not_in_112,å¼€å¿ƒ,https://www.emojiall.com/images/60/baidu/263a.png,â˜ºsmiling face,U+263A U+0073 U+006D U+0069 U+006C U+0069 U+006E U+0067 U+0020 U+0066 U+0061 U+0063 U+0065,https://www.emojiall.com/en/emoji/%E2%98%BA
baidu,mapped_not_in_112,æ±—,https://www.emojiall.com/images/60/baidu/1f613.png,ğŸ˜“downcast face with sweat,U+1F613 U+0064 U+006F U+0077 U+006E U+0063 U+0061 U+0073 U+0074 U+0020 U+0066 U+0061 U+0063 U+0065 U+0020 U+0077 U+0069 U+0074 U+0068 U+0020 U+0073 U+0077 U+0065 U+0061 U+0074,https://www.emojiall.com/en/emoji/%F0%9F%98%93
baidu,mapped_not_in_112,æ³ª,https://www.emojiall.com/images/60/baidu/1f62d.png,ğŸ˜­loudly crying face,U+1F62D U+006C U+006F U+0075 U+0064 U+006C U+0079 U+0020 U+0063 U+0072 U+0079 U+0069 U+006E U+0067 U+0020 U+0066 U+0061 U+0063 U+0065,https://www.emojiall.com/en/emoji/%F0%9F%98%AD
baidu,mapped_not_in_112,é»‘çº¿,https://www.emojiall.com/images/60/baidu/1f605.png,ğŸ˜…grinning face with sweat,U+1F605 U+0067 U+0072 U+0069 U+006E U+006E U+0069 U+006E U+0067 U+0020 U+0066 U+0061 U+0063 U+0065 U+0020 U+0077 U+0069 U+0074 U+0068 U+0020 U+0073 U+0077 U+0065 U+0061 U+0074,https://www.emojiall.com/en/emoji/%F0%9F%98%85
baidu,mapped_not_in_112,é„™è§†,https://www.emojiall.com/images/60/baidu/1f612.png,ğŸ˜’unamused face,U+1F612 U+0075 U+006E U+0061 U+006D U+0075 U+0073 U+0065 U+0064 U+0020 U+0066 U+0061 U+0063 U+0065,https://www.emojiall.com/en/emoji/%F0%9F%98%92
baidu,mapped_not_in_112,ä¸é«˜å…´,https://www.emojiall.com/images/60/baidu/2639.png,â˜¹frowning face,U+2639 U+0066 U+0072 U+006F U+0077 U+006E U+0069 U+006E U+0067 U+0020 U+0066 U+0061 U+0063 U+0065,https://www.emojiall.com/en/emoji/%E2%98%B9
baidu,mapped_not_in_112,çœŸæ£’,https://www.emojiall.com/images/60/baidu/1f44d.png,ğŸ‘thumbs up,U+1F44D U+0074 U+0068 U+0075 U+006D U+0062 U+0073 U+0020 U+0075 U+0070,https://www.emojiall.com/en/emoji/%F0%9F%91%8D
baidu,mapped_not_in_112,é’±,https://www.emojiall.com/images/60/baidu/1f911.png,ğŸ¤‘money-mouth face,U+1F911 U+006D U+006F U+006E U+0065 U+0079 U+002D U+006D U+006F U+0075 U+0074 U+0068 U+0020 U+0066 U+0061 U+0063 U+0065,https://www.emojiall.com/en/emoji/%F0%9F%A4%91
baidu,mapped_not_in_112,ç–‘é—®,https://www.emojiall.com/images/60/baidu/1f928.png,ğŸ¤¨face with raised eyebrow,U+1F928 U+0066 U+0061 U+0063 U+0065 U+0020 U+0077 U+0069 U+0074 U+0068 U+0020 U+0072 U+0061 U+0069 U+0073 U+0065 U+0064 U+0020 U+0065 U+0079 U+0065 U+0062 U+0072 U+006F U+0077,https://www.emojiall.com/en/emoji/%F0%9F%A4%A8
baidu,mapped_not_in_112,é˜´é™©,https://www.emojiall.com/images/60/baidu/1f608.png,ğŸ˜ˆsmiling face with horns,U+1F608 U+0073 U+006D U+0069 U+006C U+0069 U+006E U+0067 U+0020 U+0066 U+0061 U+0063 U+0065 U+0020 U+0077 U+0069 U+0074 U+0068 U+0020 U+0068 U+006F U+0072 U+006E U+0073,https://www.emojiall.com/en/emoji/%F0%9F%98%88
baidu,mapped_not_in_112,å,https://www.emojiall.com/images/60/baidu/1f92e.png,ğŸ¤®face vomiting,U+1F92E U+0066 U+0061 U+0063 U+0065 U+0020 U+0076 U+006F U+006D U+0069 U+0074 U+0069 U+006E U+0067,https://www.emojiall.com/en/emoji/%F0%9F%A4%AE
baidu,mapped_not_in_112,å’¦,https://www.emojiall.com/images/60/baidu/1f615.png,ğŸ˜•confused face,U+1F615 U+0063 U+006F U+006E U+0066 U+0075 U+0073 U+0065 U+0064 U+0020 U+0066 U+0061 U+0063 U+0065,https://www.emojiall.com/en/emoji/%F0%9F%98%95
baidu,mapped_not_in_112,å§”å±ˆ,https://www.emojiall.com/images/60/baidu/1f97a.png,ğŸ¥ºpleading face,U+1F97A U+0070 U+006C U+0065 U+0061 U+0064 U+0069 U+006E U+0067 U+0020 U+0066 U+0061 U+0063 U+0065,https://www.emojiall.com/en/emoji/%F0%9F%A5%BA
baidu,mapped_not_in_112,èŠ±å¿ƒ,https://www.emojiall.com/images/60/baidu/1f60d.png,ğŸ˜smiling face with heart-eyes,U+1F60D U+0073 U+006D U+0069 U+006C U+0069 U+006E U+0067 U+0020 U+0066 U+0061 U+0063 U+0065 U+0020 U+0077 U+0069 U+0074 U+0068 U+0020 U+0068 U+0065 U+0061 U+0072 U+0074 U+002D U+0065 U+0079 U+0065 U+0073,https://www.emojiall.com/en/emoji/%F0%9F%98%8D
baidu,mapped_not_in_112,å‘¼~,https://www.emojiall.com/images/60/baidu/1f626-new.png,ğŸ˜¦frowning face with open mouth,U+1F626 U+0066 U+0072 U+006F U+0077 U+006E U+0069 U+006E U+0067 U+0020 U+0066 U+0061 U+0063 U+0065 U+0020 U+0077 U+0069 U+0074 U+0068 U+0020 U+006F U+0070 U+0065 U+006E U+0020 U+006D U+006F U+0075 U+0074 U+0068,https://www.emojiall.com/en/emoji/%F0%9F%98%A6
baidu,mapped_not_in_112,ç¬‘çœ¼,https://www.emojiall.com/images/60/baidu/1f606.png,ğŸ˜†grinning squinting face,U+1F606 U+0067 U+0072 U+0069 U+006E U+006E U+0069 U+006E U+0067 U+0020 U+0073 U+0071 U+0075 U+0069 U+006E U+0074 U+0069 U+006E U+0067 U+0020 U+0066 U+0061 U+0063 U+0065,https://www.emojiall.com/en/emoji/%F0%9F%98%86
baidu,mapped_not_in_112,å†·,https://www.emojiall.com/images/60/baidu/1f610.png,ğŸ˜neutral face,U+1F610 U+006E U+0065 U+0075 U+0074 U+0072 U+0061 U+006C U+0020 U+0066 U+0061 U+0063 U+0065,https://www.emojiall.com/en/emoji/%F0%9F%98%90
baidu,mapped_not_in_112,å¤ªå¼€å¿ƒ,https://www.emojiall.com/images/60/baidu/1f923.png,ğŸ¤£rolling on the floor laughing,U+1F923 U+0072 U+006F U+006C U+006C U+0069 U+006E U+0067 U+0020 U+006F U+006E U+0020 U+0074 U+0068 U+0065 U+0020 U+0066 U+006C U+006F U+006F U+0072 U+0020 U+006C U+0061 U+0075 U+0067 U+0068 U+0069 U+006E U+0067,https://www.emojiall.com/en/emoji/%F0%9F%A4%A3
baidu,mapped_not_in_112,æ»‘ç¨½,https://www.emojiall.com/images/60/baidu/1f60f.png,ğŸ˜smirking face,U+1F60F U+0073 U+006D U+0069 U+0072 U+006B U+0069 U+006E U+0067 U+0020 U+0066 U+0061 U+0063 U+0065,https://www.emojiall.com/en/emoji/%F0%9F%98%8F
baidu,mapped_not_in_112,å‹‰å¼º,https://www.emojiall.com/images/60/baidu/1f609.png,ğŸ˜‰winking face,U+1F609 U+0077 U+0069 U+006E U+006B U+0069 U+006E U+0067 U+0020 U+0066 U+0061 U+0063 U+0065,https://www.emojiall.com/en/emoji/%F0%9F%98%89
baidu,mapped_not_in_112,ç‹‚æ±—,https://www.emojiall.com/images/60/baidu/1f630.png,ğŸ˜°anxious face with sweat,U+1F630 U+0061 U+006E U+0078 U+0069 U+006F U+0075 U+0073 U+0020 U+0066 U+0061 U+0063 U+0065 U+0020 U+0077 U+0069 U+0074 U+0068 U+0020 U+0073 U+0077 U+0065 U+0061 U+0074,https://www.emojiall.com/en/emoji/%F0%9F%98%B0
baidu,mapped_not_in_112,ä¹–,https://www.emojiall.com/images/60/baidu/1f633.png,ğŸ˜³flushed face,U+1F633 U+0066 U+006C U+0075 U+0073 U+0068 U+0065 U+0064 U+0020 U+0066 U+0061 U+0063 U+0065,https://www.emojiall.com/en/emoji/%F0%9F%98%B3
baidu,mapped_not_in_112,ç¡è§‰,https://www.emojiall.com/images/60/baidu/1f634.png,ğŸ˜´sleeping face,U+1F634 U+0073 U+006C U+0065 U+0065 U+0070 U+0069 U+006E U+0067 U+0020 U+0066 U+0061 U+0063 U+0065,https://www.emojiall.com/en/emoji/%F0%9F%98%B4
baidu,mapped_not_in_112,æƒŠå“­,https://www.emojiall.com/images/60/baidu/1f631.png,ğŸ˜±face screaming in fear,U+1F631 U+0066 U+0061 U+0063 U+0065 U+0020 U+0073 U+0063 U+0072 U+0065 U+0061 U+006D U+0069 U+006E U+0067 U+0020 U+0069 U+006E U+0020 U+0066 U+0065 U+0061 U+0072,https://www.emojiall.com/en/emoji/%F0%9F%98%B1
baidu,mapped_not_in_112,ç”Ÿæ°”,https://www.emojiall.com/images/60/baidu/1f624.png,ğŸ˜¤face with steam from nose,U+1F624 U+0066 U+0061 U+0063 U+0065 U+0020 U+0077 U+0069 U+0074 U+0068 U+0020 U+0073 U+0074 U+0065 U+0061 U+006D U+0020 U+0066 U+0072 U+006F U+006D U+0020 U+006E U+006F U+0073 U+0065,https://www.emojiall.com/en/emoji/%F0%9F%98%A4
baidu,mapped_not_in_112,æƒŠè®¶,https://www.emojiall.com/images/60/baidu/1f632.png,ğŸ˜²astonished face,U+1F632 U+0061 U+0073 U+0074 U+006F U+006E U+0069 U+0073 U+0068 U+0065 U+0064 U+0020 U+0066 U+0061 U+0063 U+0065,https://www.emojiall.com/en/emoji/%F0%9F%98%B2
baidu,mapped_not_in_112,å–·,https://www.emojiall.com/images/60/baidu/1f92c.png,ğŸ¤¬face with symbols on mouth,U+1F92C U+0066 U+0061 U+0063 U+0065 U+0020 U+0077 U+0069 U+0074 U+0068 U+0020 U+0073 U+0079 U+006D U+0062 U+006F U+006C U+0073 U+0020 U+006F U+006E U+0020 U+006D U+006F U+0075 U+0074 U+0068,https://www.emojiall.com/en/emoji/%F0%9F%A4%AC
baidu,mapped_not_in_112,çˆ±å¿ƒ,https://www.emojiall.com/images/60/baidu/2764.png,â¤red heart,U+2764 U+0072 U+0065 U+0064 U+0020 U+0068 U+0065 U+0061 U+0072 U+0074,https://www.emojiall.com/en/emoji/%E2%9D%A4
baidu,mapped_not_in_112,å¿ƒç¢,https://www.emojiall.com/images/60/baidu/1f494.png,ğŸ’”broken heart,U+1F494 U+0062 U+0072 U+006F U+006B U+0065 U+006E U+0020 U+0068 U+0065 U+0061 U+0072 U+0074,https://www.emojiall.com/en/emoji/%F0%9F%92%94
baidu,mapped_not_in_112,ç«ç‘°,https://www.emojiall.com/images/60/baidu/1f339.png,ğŸŒ¹rose,U+1F339 U+0072 U+006F U+0073 U+0065,https://www.emojiall.com/en/emoji/%F0%9F%8C%B9
baidu,mapped_not_in_112,ç¤¼ç‰©,https://www.emojiall.com/images/60/baidu/1f381.png,ğŸwrapped gift,U+1F381 U+0077 U+0072 U+0061 U+0070 U+0070 U+0065 U+0064 U+0020 U+0067 U+0069 U+0066 U+0074,https://www.emojiall.com/en/emoji/%F0%9F%8E%81
baidu,mapped_not_in_112,å½©è™¹,https://www.emojiall.com/images/60/baidu/1f308.png,ğŸŒˆrainbow,U+1F308 U+0072 U+0061 U+0069 U+006E U+0062 U+006F U+0077,https://www.emojiall.com/en/emoji/%F0%9F%8C%88
baidu,mapped_not_in_112,æ˜Ÿæ˜Ÿæœˆäº®,https://www.emojiall.com/images/60/baidu/1f319.png,ğŸŒ™crescent moon,U+1F319 U+0063 U+0072 U+0065 U+0073 U+0063 U+0065 U+006E U+0074 U+0020 U+006D U+006F U+006F U+006E,https://www.emojiall.com/en/emoji/%F0%9F%8C%99
baidu,mapped_not_in_112,å¤ªé˜³,https://www.emojiall.com/images/60/baidu/1f31e.png,ğŸŒsun with face,U+1F31E U+0073 U+0075 U+006E U+0020 U+0077 U+0069 U+0074 U+0068 U+0020 U+0066 U+0061 U+0063 U+0065,https://www.emojiall.com/en/emoji/%F0%9F%8C%9E
baidu,mapped_not_in_112,é’±å¸,https://www.emojiall.com/images/60/baidu/1fa99.png,ğŸª™coin,U+1FA99 U+0063 U+006F U+0069 U+006E,https://www.emojiall.com/en/emoji/%F0%9F%AA%99
baidu,mapped_not_in_112,ç¯æ³¡,https://www.emojiall.com/images/60/baidu/1f4a1.png,ğŸ’¡light bulb,U+1F4A1 U+006C U+0069 U+0067 U+0068 U+0074 U+0020 U+0062 U+0075 U+006C U+0062,https://www.emojiall.com/en/emoji/%F0%9F%92%A1
baidu,mapped_not_in_112,èŒ¶æ¯,https://www.emojiall.com/images/60/baidu/2615.png,â˜•hot beverage,U+2615 U+0068 U+006F U+0074 U+0020 U+0062 U+0065 U+0076 U+0065 U+0072 U+0061 U+0067 U+0065,https://www.emojiall.com/en/emoji/%E2%98%95
baidu,mapped_not_in_112,è›‹ç³•,https://www.emojiall.com/images/60/baidu/1f382.png,ğŸ‚birthday cake,U+1F382 U+0062 U+0069 U+0072 U+0074 U+0068 U+0064 U+0061 U+0079 U+0020 U+0063 U+0061 U+006B U+0065,https://www.emojiall.com/en/emoji/%F0%9F%8E%82
baidu,mapped_not_in_112,éŸ³ä¹,https://www.emojiall.com/images/60/baidu/1f3b5.png,ğŸµmusical note,U+1F3B5 U+006D U+0075 U+0073 U+0069 U+0063 U+0061 U+006C U+0020 U+006E U+006F U+0074 U+0065,https://www.emojiall.com/en/emoji/%F0%9F%8E%B5
baidu,mapped_not_in_112,haha,https://www.emojiall.com/images/60/baidu/1f91f.png,ğŸ¤Ÿlove-you gesture,U+1F91F U+006C U+006F U+0076 U+0065 U+002D U+0079 U+006F U+0075 U+0020 U+0067 U+0065 U+0073 U+0074 U+0075 U+0072 U+0065,https://www.emojiall.com/en/emoji/%F0%9F%A4%9F
baidu,mapped_not_in_112,èƒœåˆ©,https://www.emojiall.com/images/60/baidu/270c.png,âœŒvictory hand,U+270C U+0076 U+0069 U+0063 U+0074 U+006F U+0072 U+0079 U+0020 U+0068 U+0061 U+006E U+0064,https://www.emojiall.com/en/emoji/%E2%9C%8C
baidu,mapped_not_in_112,å¤§æ‹‡æŒ‡,https://www.emojiall.com/images/60/baidu/1f44d-new.png,ğŸ‘thumbs up,U+1F44D U+0074 U+0068 U+0075 U+006D U+0062 U+0073 U+0020 U+0075 U+0070,https://www.emojiall.com/en/emoji/%F0%9F%91%8D
baidu,mapped_not_in_112,å¼±,https://www.emojiall.com/images/60/baidu/1f44e.png,ğŸ‘thumbs down,U+1F44E U+0074 U+0068 U+0075 U+006D U+0062 U+0073 U+0020 U+0064 U+006F U+0077 U+006E,https://www.emojiall.com/en/emoji/%F0%9F%91%8E
baidu,mapped_not_in_112,OK,https://www.emojiall.com/images/60/baidu/1f44c.png,ğŸ‘ŒOK hand,U+1F44C U+004F U+004B U+0020 U+0068 U+0061 U+006E U+0064,https://www.emojiall.com/en/emoji/%F0%9F%91%8C
baidu,mapped_not_in_112,ç“œ,https://www.emojiall.com/images/60/baidu/1f349.png,ğŸ‰watermelon,U+1F349 U+0077 U+0061 U+0074 U+0065 U+0072 U+006D U+0065 U+006C U+006F U+006E,https://www.emojiall.com/en/emoji/%F0%9F%8D%89
baidu,mapped_not_in_112,ç¿”,https://www.emojiall.com/images/60/baidu/1f4a9.png,ğŸ’©pile of poo,U+1F4A9 U+0070 U+0069 U+006C U+0065 U+0020 U+006F U+0066 U+0020 U+0070 U+006F U+006F,https://www.emojiall.com/en/emoji/%F0%9F%92%A9
baidu,mapped_not_in_112,å“,https://www.emojiall.com/images/60/baidu/1f628.png,ğŸ˜¨fearful face,U+1F628 U+0066 U+0065 U+0061 U+0072 U+0066 U+0075 U+006C U+0020 U+0066 U+0061 U+0063 U+0065,https://www.emojiall.com/en/emoji/%F0%9F%98%A8
baidu,mapped_not_in_112,å¸…,https://www.emojiall.com/images/60/baidu/1f60f-new.png,ğŸ˜smirking face,U+1F60F U+0073 U+006D U+0069 U+0072 U+006B U+0069 U+006E U+0067 U+0020 U+0066 U+0061 U+0063 U+0065,https://www.emojiall.com/en/emoji/%F0%9F%98%8F
baidu,mapped_not_in_112,å°ä¹–,https://www.emojiall.com/images/60/baidu/1f60c.png,ğŸ˜Œrelieved face,U+1F60C U+0072 U+0065 U+006C U+0069 U+0065 U+0076 U+0065 U+0064 U+0020 U+0066 U+0061 U+0063 U+0065,https://www.emojiall.com/en/emoji/%F0%9F%98%8C
baidu,mapped_not_in_112,æ‚å˜´ç¬‘,https://www.emojiall.com/images/60/baidu/1f92d.png,ğŸ¤­face with hand over mouth,U+1F92D U+0066 U+0061 U+0063 U+0065 U+0020 U+0077 U+0069 U+0074 U+0068 U+0020 U+0068 U+0061 U+006E U+0064 U+0020 U+006F U+0076 U+0065 U+0072 U+0020 U+006D U+006F U+0075 U+0074 U+0068,https://www.emojiall.com/en/emoji/%F0%9F%A4%AD
baidu,mapped_not_in_112,ä½ æ‡‚çš„,https://www.emojiall.com/images/60/baidu/1f60f-new.png,ğŸ˜smirking face,U+1F60F U+0073 U+006D U+0069 U+0072 U+006B U+0069 U+006E U+0067 U+0020 U+0066 U+0061 U+0063 U+0065,https://www.emojiall.com/en/emoji/%F0%9F%98%8F
baidu,mapped_not_in_112,what,https://www.emojiall.com/images/60/baidu/1f92f.png,ğŸ¤¯exploding head,U+1F92F U+0065 U+0078 U+0070 U+006C U+006F U+0064 U+0069 U+006E U+0067 U+0020 U+0068 U+0065 U+0061 U+0064,https://www.emojiall.com/en/emoji/%F0%9F%A4%AF
baidu,mapped_not_in_112,é…¸çˆ½,https://www.emojiall.com/images/60/baidu/1f974.png,ğŸ¥´woozy face,U+1F974 U+0077 U+006F U+006F U+007A U+0079 U+0020 U+0066 U+0061 U+0063 U+0065,https://www.emojiall.com/en/emoji/%F0%9F%A5%B4
baidu,mapped_not_in_112,å‘€å’©çˆ¹,https://www.emojiall.com/images/60/baidu/1f62b.png,ğŸ˜«tired face,U+1F62B U+0074 U+0069 U+0072 U+0065 U+0064 U+0020 U+0066 U+0061 U+0063 U+0065,https://www.emojiall.com/en/emoji/%F0%9F%98%AB
baidu,mapped_not_in_112,ç¬‘å°¿,https://www.emojiall.com/images/60/baidu/1f602.png,ğŸ˜‚face with tears of joy,U+1F602 U+0066 U+0061 U+0063 U+0065 U+0020 U+0077 U+0069 U+0074 U+0068 U+0020 U+0074 U+0065 U+0061 U+0072 U+0073 U+0020 U+006F U+0066 U+0020 U+006A U+006F U+0079,https://www.emojiall.com/en/emoji/%F0%9F%98%82
baidu,mapped_not_in_112,æŒ–é¼»,https://www.emojiall.com/images/60/baidu/1f928-new.png,ğŸ¤¨face with raised eyebrow,U+1F928 U+0066 U+0061 U+0063 U+0065 U+0020 U+0077 U+0069 U+0074 U+0068 U+0020 U+0072 U+0061 U+0069 U+0073 U+0065 U+0064 U+0020 U+0065 U+0079 U+0065 U+0062 U+0072 U+006F U+0077,https://www.emojiall.com/en/emoji/%F0%9F%A4%A8
baidu,mapped_not_in_112,çŠ€åˆ©,https://www.emojiall.com/images/60/baidu/1f641.png,ğŸ™slightly frowning face,U+1F641 U+0073 U+006C U+0069 U+0067 U+0068 U+0074 U+006C U+0079 U+0020 U+0066 U+0072 U+006F U+0077 U+006E U+0069 U+006E U+0067 U+0020 U+0066 U+0061 U+0063 U+0065,https://www.emojiall.com/en/emoji/%F0%9F%99%81
baidu,mapped_not_in_112,å°çº¢è„¸,https://www.emojiall.com/images/60/baidu/1f97a-new.png,ğŸ¥ºpleading face,U+1F97A U+0070 U+006C U+0065 U+0061 U+0064 U+0069 U+006E U+0067 U+0020 U+0066 U+0061 U+0063 U+0065,https://www.emojiall.com/en/emoji/%F0%9F%A5%BA
baidu,mapped_not_in_112,æ‡’å¾—ç†,https://www.emojiall.com/images/60/baidu/1f611.png,ğŸ˜‘expressionless face,U+1F611 U+0065 U+0078 U+0070 U+0072 U+0065 U+0073 U+0073 U+0069 U+006F U+006E U+006C U+0065 U+0073 U+0073 U+0020 U+0066 U+0061 U+0063 U+0065,https://www.emojiall.com/en/emoji/%F0%9F%98%91
baidu,mapped_not_in_112,æ²™å‘,https://www.emojiall.com/images/60/baidu/1f6cb.png,ğŸ›‹couch and lamp,U+1F6CB U+0063 U+006F U+0075 U+0063 U+0068 U+0020 U+0061 U+006E U+0064 U+0020 U+006C U+0061 U+006D U+0070,https://www.emojiall.com/en/emoji/%F0%9F%9B%8B
baidu,mapped_not_in_112,æ‰‹çº¸,https://www.emojiall.com/images/60/baidu/1f9fb.png,ğŸ§»roll of paper,U+1F9FB U+0072 U+006F U+006C U+006C U+0020 U+006F U+0066 U+0020 U+0070 U+0061 U+0070 U+0065 U+0072,https://www.emojiall.com/en/emoji/%F0%9F%A7%BB
baidu,mapped_not_in_112,é¦™è•‰,https://www.emojiall.com/images/60/baidu/1f34c.png,ğŸŒbanana,U+1F34C U+0062 U+0061 U+006E U+0061 U+006E U+0061,https://www.emojiall.com/en/emoji/%F0%9F%8D%8C
baidu,mapped_not_in_112,ä¾¿ä¾¿,https://www.emojiall.com/images/60/baidu/1f4a9-new.png,ğŸ’©pile of poo,U+1F4A9 U+0070 U+0069 U+006C U+0065 U+0020 U+006F U+0066 U+0020 U+0070 U+006F U+006F,https://www.emojiall.com/en/emoji/%F0%9F%92%A9
baidu,mapped_not_in_112,è¯ä¸¸,https://www.emojiall.com/images/60/baidu/1f48a.png,ğŸ’Špill,U+1F48A U+0070 U+0069 U+006C U+006C,https://www.emojiall.com/en/emoji/%F0%9F%92%8A
baidu,mapped_not_in_112,çº¢é¢†å·¾,https://www.emojiall.com/images/60/baidu/1f397.png,ğŸ—reminder ribbon,U+1F397 U+0072 U+0065 U+006D U+0069 U+006E U+0064 U+0065 U+0072 U+0020 U+0072 U+0069 U+0062 U+0062 U+006F U+006E,https://www.emojiall.com/en/emoji/%F0%9F%8E%97
baidu,mapped_not_in_112,èœ¡çƒ›,https://www.emojiall.com/images/60/baidu/1f56f.png,ğŸ•¯candle,U+1F56F U+0063 U+0061 U+006E U+0064 U+006C U+0065,https://www.emojiall.com/en/emoji/%F0%9F%95%AF
baidu,mapped_not_in_112,ä¸‰é“æ ,https://www.emojiall.com/images/60/baidu/0033-fe0f.png,3ï¸digit three,U+0033 U+FE0F U+0064 U+0069 U+0067 U+0069 U+0074 U+0020 U+0074 U+0068 U+0072 U+0065 U+0065,https://www.emojiall.com/en/emoji/3%EF%B8%8F
baidu,mapped_not_in_112,æš—ä¸­è§‚å¯Ÿ,https://www.emojiall.com/images/60/baidu/1f440.png,ğŸ‘€eyes,U+1F440 U+0065 U+0079 U+0065 U+0073,https://www.emojiall.com/en/emoji/%F0%9F%91%80
baidu,mapped_not_in_112,åƒç“œ,https://www.emojiall.com/images/60/baidu/1f349-new.png,ğŸ‰watermelon,U+1F349 U+0077 U+0061 U+0074 U+0065 U+0072 U+006D U+0065 U+006C U+006F U+006E,https://www.emojiall.com/en/emoji/%F0%9F%8D%89
baidu,mapped_not_in_112,å–é…’,https://www.emojiall.com/images/60/baidu/1f37a.png,ğŸºbeer mug,U+1F37A U+0062 U+0065 U+0065 U+0072 U+0020 U+006D U+0075 U+0067,https://www.emojiall.com/en/emoji/%F0%9F%8D%BA
baidu,mapped_not_in_112,å˜¿å˜¿å˜¿,https://www.emojiall.com/images/60/baidu/1f601.png,ğŸ˜beaming face with smiling eyes,U+1F601 U+0062 U+0065 U+0061 U+006D U+0069 U+006E U+0067 U+0020 U+0066 U+0061 U+0063 U+0065 U+0020 U+0077 U+0069 U+0074 U+0068 U+0020 U+0073 U+006D U+0069 U+006C U+0069 U+006E U+0067 U+0020 U+0065 U+0079 U+0065 U+0073,https://www.emojiall.com/en/emoji/%F0%9F%98%81
baidu,mapped_not_in_112,å™—,https://www.emojiall.com/images/60/baidu/1f92d-new.png,ğŸ¤­face with hand over mouth,U+1F92D U+0066 U+0061 U+0063 U+0065 U+0020 U+0077 U+0069 U+0074 U+0068 U+0020 U+0068 U+0061 U+006E U+0064 U+0020 U+006F U+0076 U+0065 U+0072 U+0020 U+006D U+006F U+0075 U+0074 U+0068,https://www.emojiall.com/en/emoji/%F0%9F%A4%AD
baidu,mapped_not_in_112,å›°æˆç‹—,https://www.emojiall.com/images/60/baidu/1f971.png,ğŸ¥±yawning face,U+1F971 U+0079 U+0061 U+0077 U+006E U+0069 U+006E U+0067 U+0020 U+0066 U+0061 U+0063 U+0065,https://www.emojiall.com/en/emoji/%F0%9F%A5%B1
baidu,mapped_not_in_112,å¾®å¾®ä¸€ç¬‘,https://www.emojiall.com/images/60/baidu/1f642-new.png,ğŸ™‚slightly smiling face,U+1F642 U+0073 U+006C U+0069 U+0067 U+0068 U+0074 U+006C U+0079 U+0020 U+0073 U+006D U+0069 U+006C U+0069 U+006E U+0067 U+0020 U+0066 U+0061 U+0063 U+0065,https://www.emojiall.com/en/emoji/%F0%9F%99%82
baidu,mapped_not_in_112,æ‰˜è…®,https://www.emojiall.com/images/60/baidu/1f914.png,ğŸ¤”thinking face,U+1F914 U+0074 U+0068 U+0069 U+006E U+006B U+0069 U+006E U+0067 U+0020 U+0066 U+0061 U+0063 U+0065,https://www.emojiall.com/en/emoji/%F0%9F%A4%94
baidu,mapped_not_in_112,æ‘Šæ‰‹,https://www.emojiall.com/images/60/baidu/1f937.png,ğŸ¤·person shrugging,U+1F937 U+0070 U+0065 U+0072 U+0073 U+006F U+006E U+0020 U+0073 U+0068 U+0072 U+0075 U+0067 U+0067 U+0069 U+006E U+0067,https://www.emojiall.com/en/emoji/%F0%9F%A4%B7
baidu,mapped_not_in_112,æŸ¯åŸºæš—ä¸­è§‚å¯Ÿ,https://www.emojiall.com/images/60/baidu/1f440-new.png,ğŸ‘€eyes,U+1F440 U+0065 U+0079 U+0065 U+0073,https://www.emojiall.com/en/emoji/%F0%9F%91%80
baidu,mapped_not_in_112,æ¬¢å‘¼,https://www.emojiall.com/images/60/baidu/1f64c.png,ğŸ™Œraising hands,U+1F64C U+0072 U+0061 U+0069 U+0073 U+0069 U+006E U+0067 U+0020 U+0068 U+0061 U+006E U+0064 U+0073,https://www.emojiall.com/en/emoji/%F0%9F%99%8C
baidu,mapped_not_in_112,ç‚¸è¯,https://www.emojiall.com/images/60/baidu/1f9e8.png,ğŸ§¨firecracker,U+1F9E8 U+0066 U+0069 U+0072 U+0065 U+0063 U+0072 U+0061 U+0063 U+006B U+0065 U+0072,https://www.emojiall.com/en/emoji/%F0%9F%A7%A8
baidu,mapped_not_in_112,çªç„¶å…´å¥‹,https://www.emojiall.com/images/60/baidu/1f929.png,ğŸ¤©star-struck,U+1F929 U+0073 U+0074 U+0061 U+0072 U+002D U+0073 U+0074 U+0072 U+0075 U+0063 U+006B,https://www.emojiall.com/en/emoji/%F0%9F%A4%A9
baidu,mapped_not_in_112,ç´§å¼ ,https://www.emojiall.com/images/60/baidu/1f61f.png,ğŸ˜Ÿworried face,U+1F61F U+0077 U+006F U+0072 U+0072 U+0069 U+0065 U+0064 U+0020 U+0066 U+0061 U+0063 U+0065,https://www.emojiall.com/en/emoji/%F0%9F%98%9F
baidu,mapped_not_in_112,é»‘å¤´çªçœ¼,https://www.emojiall.com/images/60/baidu/1f464.png,ğŸ‘¤bust in silhouette,U+1F464 U+0062 U+0075 U+0073 U+0074 U+0020 U+0069 U+006E U+0020 U+0073 U+0069 U+006C U+0068 U+006F U+0075 U+0065 U+0074 U+0074 U+0065,https://www.emojiall.com/en/emoji/%F0%9F%91%A4
baidu,mapped_not_in_112,é»‘å¤´é«˜å…´,https://www.emojiall.com/images/60/baidu/1f5e3.png,ğŸ—£speaking head,U+1F5E3 U+0073 U+0070 U+0065 U+0061 U+006B U+0069 U+006E U+0067 U+0020 U+0068 U+0065 U+0061 U+0064,https://www.emojiall.com/en/emoji/%F0%9F%97%A3
weibo,vendor_only,[å¥¥ç‰¹æ›¼],https://www.emojiall.com/images/60/weibo/d_aoteman.png,,,
weibo,vendor_only,[awsl],https://www.emojiall.com/images/60/weibo/d_awsl.png,,,
weibo,vendor_only,[é„™è§†],https://www.emojiall.com/images/60/weibo/d_bishi.png,,,
weibo,vendor_only,[æ‰“call],https://www.emojiall.com/images/60/weibo/d_dacall.png,,,
weibo,vendor_only,[é¡¶],https://www.emojiall.com/images/60/weibo/d_ding.png,,,
weibo,vendor_only,[äºŒå“ˆ],https://www.emojiall.com/images/60/weibo/d_erha.png,,,
weibo,vendor_only,[ç¬‘è€Œä¸è¯­],https://www.emojiall.com/images/60/weibo/d_heiheihei.png,,,
weibo,vendor_only,[æµª],https://www.emojiall.com/images/60/weibo/d_lang.png,,,
weibo,vendor_only,[æ±‚é¥¶],https://www.emojiall.com/images/60/weibo/d_qiurao.png,,,
weibo,vendor_only,[æŒ–é¼»],https://www.emojiall.com/images/60/weibo/d_wabishi.png,,,
weibo,vendor_only,[ç–‘é—®],https://www.emojiall.com/images/60/weibo/d_yiwen.png,,,
weibo,vendor_only,[å…æ‚²],https://www.emojiall.com/images/60/weibo/d_yunbei.png,,,
weibo,vendor_only,[æœ€å³],https://www.emojiall.com/images/60/weibo/d_zuiyou.png,,,
weibo,vendor_only,,https://www.emojiall.com/images/60/weibo/f_geili.png,,,
weibo,vendor_only,,https://www.emojiall.com/images/60/weibo/f_hufen.png,,,
weibo,vendor_only,,https://www.emojiall.com/images/60/weibo/f_v5.png,,,
weibo,vendor_only,,https://www.emojiall.com/images/60/weibo/h_lai.png,,,
weibo,vendor_only,,https://www.emojiall.com/images/60/weibo/h_zan.png,,,
weibo,vendor_only,,https://www.emojiall.com/images/60/weibo/vvs_icon_liked.png,,,
weibo,vendor_only,,https://www.emojiall.com/images/60/weibo/w_shachenbao.png,,,
weibo,mapped_not_in_112,[çˆ±ä½ ],https://www.emojiall.com/images/60/weibo/1f618.png,ğŸ˜˜face blowing a kiss,U+1F618 U+0066 U+0061 U+0063 U+0065 U+0020 U+0062 U+006C U+006F U+0077 U+0069 U+006E U+0067 U+0020 U+0061 U+0020 U+006B U+0069 U+0073 U+0073,https://www.emojiall.com/en/emoji/%F0%9F%98%98
weibo,mapped_not_in_112,[æ‹œæ‹œ],https://www.emojiall.com/images/60/weibo/1f44b.png,ğŸ‘‹waving hand,U+1F44B U+0077 U+0061 U+0076 U+0069 U+006E U+0067 U+0020 U+0068 U+0061 U+006E U+0064,https://www.emojiall.com/en/emoji/%F0%9F%91%8B
weibo,mapped_not_in_112,[æŠ±æŠ±],https://www.emojiall.com/images/60/weibo/1f917.png,ğŸ¤—smiling face with open hands,U+1F917 U+0073 U+006D U+0069 U+006C U+0069 U+006E U+0067 U+0020 U+0066 U+0061 U+0063 U+0065 U+0020 U+0077 U+0069 U+0074 U+0068 U+0020 U+006F U+0070 U+0065 U+006E U+0020 U+0068 U+0061 U+006E U+0064 U+0073,https://www.emojiall.com/en/emoji/%F0%9F%A4%97
weibo,mapped_not_in_112,[æ‚²ä¼¤],https://www.emojiall.com/images/60/weibo/1f625.png,ğŸ˜¥sad but relieved face,U+1F625 U+0073 U+0061 U+0064 U+0020 U+0062 U+0075 U+0074 U+0020 U+0072 U+0065 U+006C U+0069 U+0065 U+0076 U+0065 U+0064 U+0020 U+0066 U+0061 U+0063 U+0065,https://www.emojiall.com/en/emoji/%F0%9F%98%A5
weibo,mapped_not_in_112,[å¹¶ä¸ç®€å•],https://www.emojiall.com/images/60/weibo/1f9d0.png,ğŸ§face with monocle,U+1F9D0 U+0066 U+0061 U+0063 U+0065 U+0020 U+0077 U+0069 U+0074 U+0068 U+0020 U+006D U+006F U+006E U+006F U+0063 U+006C U+0065,https://www.emojiall.com/en/emoji/%F0%9F%A7%90
weibo,mapped_not_in_112,[é—­å˜´],https://www.emojiall.com/images/60/weibo/1f910.png,ğŸ¤zipper-mouth face,U+1F910 U+007A U+0069 U+0070 U+0070 U+0065 U+0072 U+002D U+006D U+006F U+0075 U+0074 U+0068 U+0020 U+0066 U+0061 U+0063 U+0065,https://www.emojiall.com/en/emoji/%F0%9F%A4%90
weibo,mapped_not_in_112,[é¦‹å˜´],https://www.emojiall.com/images/60/weibo/1f60b.png,ğŸ˜‹face savoring food,U+1F60B U+0066 U+0061 U+0063 U+0065 U+0020 U+0073 U+0061 U+0076 U+006F U+0072 U+0069 U+006E U+0067 U+0020 U+0066 U+006F U+006F U+0064,https://www.emojiall.com/en/emoji/%F0%9F%98%8B
weibo,mapped_not_in_112,[åƒç“œ],https://www.emojiall.com/images/60/weibo/1f349.png,ğŸ‰watermelon,U+1F349 U+0077 U+0061 U+0074 U+0065 U+0072 U+006D U+0065 U+006C U+006F U+006E,https://www.emojiall.com/en/emoji/%F0%9F%8D%89
weibo,mapped_not_in_112,[åƒæƒŠ],https://www.emojiall.com/images/60/weibo/1f632.png,ğŸ˜²astonished face,U+1F632 U+0061 U+0073 U+0074 U+006F U+006E U+0069 U+0073 U+0068 U+0065 U+0064 U+0020 U+0066 U+0061 U+0063 U+0065,https://www.emojiall.com/en/emoji/%F0%9F%98%B2
weibo,mapped_not_in_112,[å“ˆæ¬ ],https://www.emojiall.com/images/60/weibo/1f971.png,ğŸ¥±yawning face,U+1F971 U+0079 U+0061 U+0077 U+006E U+0069 U+006E U+0067 U+0020 U+0066 U+0061 U+0063 U+0065,https://www.emojiall.com/en/emoji/%F0%9F%A5%B1
weibo,mapped_not_in_112,[æ‰“è„¸],https://www.emojiall.com/images/60/weibo/1f915.png,ğŸ¤•face with head-bandage,U+1F915 U+0066 U+0061 U+0063 U+0065 U+0020 U+0077 U+0069 U+0074 U+0068 U+0020 U+0068 U+0065 U+0061 U+0064 U+002D U+0062 U+0061 U+006E U+0064 U+0061 U+0067 U+0065,https://www.emojiall.com/en/emoji/%F0%9F%A4%95
weibo,mapped_not_in_112,[doge],https://www.emojiall.com/images/60/weibo/1f436.png,ğŸ¶dog face,U+1F436 U+0064 U+006F U+0067 U+0020 U+0066 U+0061 U+0063 U+0065,https://www.emojiall.com/en/emoji/%F0%9F%90%B6
weibo,mapped_not_in_112,[è´¹è§£],https://www.emojiall.com/images/60/weibo/1f928.png,ğŸ¤¨face with raised eyebrow,U+1F928 U+0066 U+0061 U+0063 U+0065 U+0020 U+0077 U+0069 U+0074 U+0068 U+0020 U+0072 U+0061 U+0069 U+0073 U+0065 U+0064 U+0020 U+0065 U+0079 U+0065 U+0062 U+0072 U+006F U+0077,https://www.emojiall.com/en/emoji/%F0%9F%A4%A8
weibo,mapped_not_in_112,[è‚¥çš‚],https://www.emojiall.com/images/60/weibo/1f9fc.png,ğŸ§¼soap,U+1F9FC U+0073 U+006F U+0061 U+0070,https://www.emojiall.com/en/emoji/%F0%9F%A7%BC
weibo,mapped_not_in_112,[æ„Ÿå†’],https://www.emojiall.com/images/60/weibo/1f637.png,ğŸ˜·face with medical mask,U+1F637 U+0066 U+0061 U+0063 U+0065 U+0020 U+0077 U+0069 U+0074 U+0068 U+0020 U+006D U+0065 U+0064 U+0069 U+0063 U+0061 U+006C U+0020 U+006D U+0061 U+0073 U+006B,https://www.emojiall.com/en/emoji/%F0%9F%98%B7
weibo,mapped_not_in_112,[è·ªäº†],https://www.emojiall.com/images/60/weibo/1f9ce.png,ğŸ§person kneeling,U+1F9CE U+0070 U+0065 U+0072 U+0073 U+006F U+006E U+0020 U+006B U+006E U+0065 U+0065 U+006C U+0069 U+006E U+0067,https://www.emojiall.com/en/emoji/%F0%9F%A7%8E
weibo,mapped_not_in_112,[é¼“æŒ],https://www.emojiall.com/images/60/weibo/1f44f.png,ğŸ‘clapping hands,U+1F44F U+0063 U+006C U+0061 U+0070 U+0070 U+0069 U+006E U+0067 U+0020 U+0068 U+0061 U+006E U+0064 U+0073,https://www.emojiall.com/en/emoji/%F0%9F%91%8F
weibo,mapped_not_in_112,[å“ˆå“ˆ],https://www.emojiall.com/images/60/weibo/1f603.png,ğŸ˜ƒgrinning face with big eyes,U+1F603 U+0067 U+0072 U+0069 U+006E U+006E U+0069 U+006E U+0067 U+0020 U+0066 U+0061 U+0063 U+0065 U+0020 U+0077 U+0069 U+0074 U+0068 U+0020 U+0062 U+0069 U+0067 U+0020 U+0065 U+0079 U+0065 U+0073,https://www.emojiall.com/en/emoji/%F0%9F%98%83
weibo,mapped_not_in_112,[å®³ç¾],https://www.emojiall.com/images/60/weibo/1f60a.png,ğŸ˜Šsmiling face with smiling eyes,U+1F60A U+0073 U+006D U+0069 U+006C U+0069 U+006E U+0067 U+0020 U+0066 U+0061 U+0063 U+0065 U+0020 U+0077 U+0069 U+0074 U+0068 U+0020 U+0073 U+006D U+0069 U+006C U+0069 U+006E U+0067 U+0020 U+0065 U+0079 U+0065 U+0073,https://www.emojiall.com/en/emoji/%F0%9F%98%8A
weibo,mapped_not_in_112,[æ±—],https://www.emojiall.com/images/60/weibo/1f613.png,ğŸ˜“downcast face with sweat,U+1F613 U+0064 U+006F U+0077 U+006E U+0063 U+0061 U+0073 U+0074 U+0020 U+0066 U+0061 U+0063 U+0065 U+0020 U+0077 U+0069 U+0074 U+0068 U+0020 U+0073 U+0077 U+0065 U+0061 U+0074,https://www.emojiall.com/en/emoji/%F0%9F%98%93
weibo,mapped_not_in_112,[å‘µå‘µ],https://www.emojiall.com/images/60/weibo/1f642.png,ğŸ™‚slightly smiling face,U+1F642 U+0073 U+006C U+0069 U+0067 U+0068 U+0074 U+006C U+0079 U+0020 U+0073 U+006D U+0069 U+006C U+0069 U+006E U+0067 U+0020 U+0066 U+0061 U+0063 U+0065,https://www.emojiall.com/en/emoji/%F0%9F%99%82
weibo,mapped_not_in_112,[é»‘çº¿],https://www.emojiall.com/images/60/weibo/1f605.png,ğŸ˜…grinning face with sweat,U+1F605 U+0067 U+0072 U+0069 U+006E U+006E U+0069 U+006E U+0067 U+0020 U+0066 U+0061 U+0063 U+0065 U+0020 U+0077 U+0069 U+0074 U+0068 U+0020 U+0073 U+0077 U+0065 U+0061 U+0074,https://www.emojiall.com/en/emoji/%F0%9F%98%85
weibo,mapped_not_in_112,[å“¼],https://www.emojiall.com/images/60/weibo/1f612.png,ğŸ˜’unamused face,U+1F612 U+0075 U+006E U+0061 U+006D U+0075 U+0073 U+0065 U+0064 U+0020 U+0066 U+0061 U+0063 U+0065,https://www.emojiall.com/en/emoji/%F0%9F%98%92
weibo,mapped_not_in_112,[åç¬‘],https://www.emojiall.com/images/60/weibo/1f62c.png,ğŸ˜¬grimacing face,U+1F62C U+0067 U+0072 U+0069 U+006D U+0061 U+0063 U+0069 U+006E U+0067 U+0020 U+0066 U+0061 U+0063 U+0065,https://www.emojiall.com/en/emoji/%F0%9F%98%AC
weibo,mapped_not_in_112,[èŠ±å¿ƒ],https://www.emojiall.com/images/60/weibo/1f60d.png,ğŸ˜smiling face with heart-eyes,U+1F60D U+0073 U+006D U+0069 U+006C U+0069 U+006E U+0067 U+0020 U+0066 U+0061 U+0063 U+0065 U+0020 U+0077 U+0069 U+0074 U+0068 U+0020 U+0068 U+0065 U+0061 U+0072 U+0074 U+002D U+0065 U+0079 U+0065 U+0073,https://www.emojiall.com/en/emoji/%F0%9F%98%8D
weibo,mapped_not_in_112,[æŒ¤çœ¼],https://www.emojiall.com/images/60/weibo/1f61c.png,ğŸ˜œwinking face with tongue,U+1F61C U+0077 U+0069 U+006E U+006B U+0069 U+006E U+0067 U+0020 U+0066 U+0061 U+0063 U+0065 U+0020 U+0077 U+0069 U+0074 U+0068 U+0020 U+0074 U+006F U+006E U+0067 U+0075 U+0065,https://www.emojiall.com/en/emoji/%F0%9F%98%9C
weibo,mapped_not_in_112,[å¯çˆ±],https://www.emojiall.com/images/60/weibo/1f60a-new.png,ğŸ˜Šsmiling face with smiling eyes,U+1F60A U+0073 U+006D U+0069 U+006C U+0069 U+006E U+0067 U+0020 U+0066 U+0061 U+0063 U+0065 U+0020 U+0077 U+0069 U+0074 U+0068 U+0020 U+0073 U+006D U+0069 U+006C U+0069 U+006E U+0067 U+0020 U+0065 U+0079 U+0065 U+0073,https://www.emojiall.com/en/emoji/%F0%9F%98%8A
weibo,mapped_not_in_112,[å¯ä¹],https://www.emojiall.com/images/60/weibo/1f964.png,ğŸ¥¤cup with straw,U+1F964 U+0063 U+0075 U+0070 U+0020 U+0077 U+0069 U+0074 U+0068 U+0020 U+0073 U+0074 U+0072 U+0061 U+0077,https://www.emojiall.com/en/emoji/%F0%9F%A5%A4
weibo,mapped_not_in_112,[å¯æ€œ],https://www.emojiall.com/images/60/weibo/1f97a.png,ğŸ¥ºpleading face,U+1F97A U+0070 U+006C U+0065 U+0061 U+0064 U+0069 U+006E U+0067 U+0020 U+0066 U+0061 U+0063 U+0065,https://www.emojiall.com/en/emoji/%F0%9F%A5%BA
weibo,mapped_not_in_112,[é…·],https://www.emojiall.com/images/60/weibo/1f60e.png,ğŸ˜smiling face with sunglasses,U+1F60E U+0073 U+006D U+0069 U+006C U+0069 U+006E U+0067 U+0020 U+0066 U+0061 U+0063 U+0065 U+0020 U+0077 U+0069 U+0074 U+0068 U+0020 U+0073 U+0075 U+006E U+0067 U+006C U+0061 U+0073 U+0073 U+0065 U+0073,https://www.emojiall.com/en/emoji/%F0%9F%98%8E
weibo,mapped_not_in_112,[éª·é«…],https://www.emojiall.com/images/60/weibo/1f480.png,ğŸ’€skull,U+1F480 U+0073 U+006B U+0075 U+006C U+006C,https://www.emojiall.com/en/emoji/%F0%9F%92%80
weibo,mapped_not_in_112,[å›°],https://www.emojiall.com/images/60/weibo/1f614.png,ğŸ˜”pensive face,U+1F614 U+0070 U+0065 U+006E U+0073 U+0069 U+0076 U+0065 U+0020 U+0066 U+0061 U+0063 U+0065,https://www.emojiall.com/en/emoji/%F0%9F%98%94
weibo,mapped_not_in_112,[ç™½çœ¼],https://www.emojiall.com/images/60/weibo/1f644.png,ğŸ™„face with rolling eyes,U+1F644 U+0066 U+0061 U+0063 U+0065 U+0020 U+0077 U+0069 U+0074 U+0068 U+0020 U+0072 U+006F U+006C U+006C U+0069 U+006E U+0067 U+0020 U+0065 U+0079 U+0065 U+0073,https://www.emojiall.com/en/emoji/%F0%9F%99%84
weibo,mapped_not_in_112,[æ³ª],https://www.emojiall.com/images/60/weibo/1f62d.png,ğŸ˜­loudly crying face,U+1F62D U+006C U+006F U+0075 U+0064 U+006C U+0079 U+0020 U+0063 U+0072 U+0079 U+0069 U+006E U+0067 U+0020 U+0066 U+0061 U+0063 U+0065,https://www.emojiall.com/en/emoji/%F0%9F%98%AD
weibo,mapped_not_in_112,[å–µ],https://www.emojiall.com/images/60/weibo/1f63c.png,ğŸ˜¼cat with wry smile,U+1F63C U+0063 U+0061 U+0074 U+0020 U+0077 U+0069 U+0074 U+0068 U+0020 U+0077 U+0072 U+0079 U+0020 U+0073 U+006D U+0069 U+006C U+0065,https://www.emojiall.com/en/emoji/%F0%9F%98%BC
weibo,mapped_not_in_112,[ç”·å­©å„¿],https://www.emojiall.com/images/60/weibo/1f935.png,ğŸ¤µperson in tuxedo,U+1F935 U+0070 U+0065 U+0072 U+0073 U+006F U+006E U+0020 U+0069 U+006E U+0020 U+0074 U+0075 U+0078 U+0065 U+0064 U+006F,https://www.emojiall.com/en/emoji/%F0%9F%A4%B5
weibo,mapped_not_in_112,[æ€’],https://www.emojiall.com/images/60/weibo/1f621.png,ğŸ˜¡enraged face,U+1F621 U+0065 U+006E U+0072 U+0061 U+0067 U+0065 U+0064 U+0020 U+0066 U+0061 U+0063 U+0065,https://www.emojiall.com/en/emoji/%F0%9F%98%A1
weibo,mapped_not_in_112,[æ€’éª‚],https://www.emojiall.com/images/60/weibo/1f92c.png,ğŸ¤¬face with symbols on mouth,U+1F92C U+0066 U+0061 U+0063 U+0065 U+0020 U+0077 U+0069 U+0074 U+0068 U+0020 U+0073 U+0079 U+006D U+0062 U+006F U+006C U+0073 U+0020 U+006F U+006E U+0020 U+006D U+006F U+0075 U+0074 U+0068,https://www.emojiall.com/en/emoji/%F0%9F%A4%AC
weibo,mapped_not_in_112,[å¥³å­©å„¿],https://www.emojiall.com/images/60/weibo/1f470.png,ğŸ‘°person with veil,U+1F470 U+0070 U+0065 U+0072 U+0073 U+006F U+006E U+0020 U+0077 U+0069 U+0074 U+0068 U+0020 U+0076 U+0065 U+0069 U+006C,https://www.emojiall.com/en/emoji/%F0%9F%91%B0
weibo,mapped_not_in_112,[é’±],https://www.emojiall.com/images/60/weibo/1f911.png,ğŸ¤‘money-mouth face,U+1F911 U+006D U+006F U+006E U+0065 U+0079 U+002D U+006D U+006F U+0075 U+0074 U+0068 U+0020 U+0066 U+0061 U+0063 U+0065,https://www.emojiall.com/en/emoji/%F0%9F%A4%91
weibo,mapped_not_in_112,[äº²äº²],https://www.emojiall.com/images/60/weibo/1f619.png,ğŸ˜™kissing face with smiling eyes,U+1F619 U+006B U+0069 U+0073 U+0073 U+0069 U+006E U+0067 U+0020 U+0066 U+0061 U+0063 U+0065 U+0020 U+0077 U+0069 U+0074 U+0068 U+0020 U+0073 U+006D U+0069 U+006C U+0069 U+006E U+0067 U+0020 U+0065 U+0079 U+0065 U+0073,https://www.emojiall.com/en/emoji/%F0%9F%98%99
weibo,mapped_not_in_112,[å‚»çœ¼],https://www.emojiall.com/images/60/weibo/1f633.png,ğŸ˜³flushed face,U+1F633 U+0066 U+006C U+0075 U+0073 U+0068 U+0065 U+0064 U+0020 U+0066 U+0061 U+0063 U+0065,https://www.emojiall.com/en/emoji/%F0%9F%98%B3
weibo,mapped_not_in_112,[ç”Ÿç—…],https://www.emojiall.com/images/60/weibo/1f912.png,ğŸ¤’face with thermometer,U+1F912 U+0066 U+0061 U+0063 U+0065 U+0020 U+0077 U+0069 U+0074 U+0068 U+0020 U+0074 U+0068 U+0065 U+0072 U+006D U+006F U+006D U+0065 U+0074 U+0065 U+0072,https://www.emojiall.com/en/emoji/%F0%9F%A4%92
weibo,mapped_not_in_112,[ç¥å…½],https://www.emojiall.com/images/60/weibo/1f999.png,ğŸ¦™llama,U+1F999 U+006C U+006C U+0061 U+006D U+0061,https://www.emojiall.com/en/emoji/%F0%9F%A6%99
weibo,mapped_not_in_112,[å¤±æœ›],https://www.emojiall.com/images/60/weibo/1f614-new.png,ğŸ˜”pensive face,U+1F614 U+0070 U+0065 U+006E U+0073 U+0069 U+0076 U+0065 U+0020 U+0066 U+0061 U+0063 U+0065,https://www.emojiall.com/en/emoji/%F0%9F%98%94
weibo,mapped_not_in_112,[è¡°],https://www.emojiall.com/images/60/weibo/1f622.png,ğŸ˜¢crying face,U+1F622 U+0063 U+0072 U+0079 U+0069 U+006E U+0067 U+0020 U+0066 U+0061 U+0063 U+0065,https://www.emojiall.com/en/emoji/%F0%9F%98%A2
weibo,mapped_not_in_112,[ç¡è§‰],https://www.emojiall.com/images/60/weibo/1f62a.png,ğŸ˜ªsleepy face,U+1F62A U+0073 U+006C U+0065 U+0065 U+0070 U+0079 U+0020 U+0066 U+0061 U+0063 U+0065,https://www.emojiall.com/en/emoji/%F0%9F%98%AA
weibo,mapped_not_in_112,[æ€è€ƒ],https://www.emojiall.com/images/60/weibo/1f914.png,ğŸ¤”thinking face,U+1F914 U+0074 U+0068 U+0069 U+006E U+006B U+0069 U+006E U+0067 U+0020 U+0066 U+0061 U+0063 U+0065,https://www.emojiall.com/en/emoji/%F0%9F%A4%94
weibo,mapped_not_in_112,[é…¸],https://www.emojiall.com/images/60/weibo/1f34b.png,ğŸ‹lemon,U+1F34B U+006C U+0065 U+006D U+006F U+006E,https://www.emojiall.com/en/emoji/%F0%9F%8D%8B
weibo,mapped_not_in_112,[å¤ªå¼€å¿ƒ],https://www.emojiall.com/images/60/weibo/1f604.png,ğŸ˜„grinning face with smiling eyes,U+1F604 U+0067 U+0072 U+0069 U+006E U+006E U+0069 U+006E U+0067 U+0020 U+0066 U+0061 U+0063 U+0065 U+0020 U+0077 U+0069 U+0074 U+0068 U+0020 U+0073 U+006D U+0069 U+006C U+0069 U+006E U+0067 U+0020 U+0065 U+0079 U+0065 U+0073,https://www.emojiall.com/en/emoji/%F0%9F%98%84
weibo,mapped_not_in_112,[æ‘Šæ‰‹],https://www.emojiall.com/images/60/weibo/1f937.png,ğŸ¤·person shrugging,U+1F937 U+0070 U+0065 U+0072 U+0073 U+006F U+006E U+0020 U+0073 U+0068 U+0072 U+0075 U+0067 U+0067 U+0069 U+006E U+0067,https://www.emojiall.com/en/emoji/%F0%9F%A4%B7
weibo,mapped_not_in_112,[èˆ”],https://www.emojiall.com/images/60/weibo/1f61d.png,ğŸ˜squinting face with tongue,U+1F61D U+0073 U+0071 U+0075 U+0069 U+006E U+0074 U+0069 U+006E U+0067 U+0020 U+0066 U+0061 U+0063 U+0065 U+0020 U+0077 U+0069 U+0074 U+0068 U+0020 U+0074 U+006F U+006E U+0067 U+0075 U+0065,https://www.emojiall.com/en/emoji/%F0%9F%98%9D
weibo,mapped_not_in_112,[å·ç¬‘],https://www.emojiall.com/images/60/weibo/1f92d.png,ğŸ¤­face with hand over mouth,U+1F92D U+0066 U+0061 U+0063 U+0065 U+0020 U+0077 U+0069 U+0074 U+0068 U+0020 U+0068 U+0061 U+006E U+0064 U+0020 U+006F U+0076 U+0065 U+0072 U+0020 U+006D U+006F U+0075 U+0074 U+0068,https://www.emojiall.com/en/emoji/%F0%9F%A4%AD
weibo,mapped_not_in_112,[å],https://www.emojiall.com/images/60/weibo/1f92e.png,ğŸ¤®face vomiting,U+1F92E U+0066 U+0061 U+0063 U+0065 U+0020 U+0076 U+006F U+006D U+0069 U+0074 U+0069 U+006E U+0067,https://www.emojiall.com/en/emoji/%F0%9F%A4%AE
weibo,mapped_not_in_112,[å…”å­],https://www.emojiall.com/images/60/weibo/1f430.png,ğŸ°rabbit face,U+1F430 U+0072 U+0061 U+0062 U+0062 U+0069 U+0074 U+0020 U+0066 U+0061 U+0063 U+0065,https://www.emojiall.com/en/emoji/%F0%9F%90%B0
weibo,mapped_not_in_112,[å§”å±ˆ],https://www.emojiall.com/images/60/weibo/1f641.png,ğŸ™slightly frowning face,U+1F641 U+0073 U+006C U+0069 U+0067 U+0068 U+0074 U+006C U+0079 U+0020 U+0066 U+0072 U+006F U+0077 U+006E U+0069 U+006E U+0067 U+0020 U+0066 U+0061 U+0063 U+0065,https://www.emojiall.com/en/emoji/%F0%9F%99%81
weibo,mapped_not_in_112,[æ‚],https://www.emojiall.com/images/60/weibo/1f648.png,ğŸ™ˆsee-no-evil monkey,U+1F648 U+0073 U+0065 U+0065 U+002D U+006E U+006F U+002D U+0065 U+0076 U+0069 U+006C U+0020 U+006D U+006F U+006E U+006B U+0065 U+0079,https://www.emojiall.com/en/emoji/%F0%9F%99%88
weibo,mapped_not_in_112,[ç¬‘å“­],https://www.emojiall.com/images/60/weibo/1f602.png,ğŸ˜‚face with tears of joy,U+1F602 U+0066 U+0061 U+0063 U+0065 U+0020 U+0077 U+0069 U+0074 U+0068 U+0020 U+0074 U+0065 U+0061 U+0072 U+0073 U+0020 U+006F U+0066 U+0020 U+006A U+006F U+0079,https://www.emojiall.com/en/emoji/%F0%9F%98%82
weibo,mapped_not_in_112,[æ†§æ†¬],https://www.emojiall.com/images/60/weibo/1f929.png,ğŸ¤©star-struck,U+1F929 U+0073 U+0074 U+0061 U+0072 U+002D U+0073 U+0074 U+0072 U+0075 U+0063 U+006B,https://www.emojiall.com/en/emoji/%F0%9F%A4%A9
weibo,mapped_not_in_112,[ç†ŠçŒ«],https://www.emojiall.com/images/60/weibo/1f43c.png,ğŸ¼panda,U+1F43C U+0070 U+0061 U+006E U+0064 U+0061,https://www.emojiall.com/en/emoji/%F0%9F%90%BC
weibo,mapped_not_in_112,[å˜»å˜»],https://www.emojiall.com/images/60/weibo/1f601.png,ğŸ˜beaming face with smiling eyes,U+1F601 U+0062 U+0065 U+0061 U+006D U+0069 U+006E U+0067 U+0020 U+0066 U+0061 U+0063 U+0065 U+0020 U+0077 U+0069 U+0074 U+0068 U+0020 U+0073 U+006D U+0069 U+006C U+0069 U+006E U+0067 U+0020 U+0065 U+0079 U+0065 U+0073,https://www.emojiall.com/en/emoji/%F0%9F%98%81
weibo,mapped_not_in_112,[å˜˜],https://www.emojiall.com/images/60/weibo/1f92b.png,ğŸ¤«shushing face,U+1F92B U+0073 U+0068 U+0075 U+0073 U+0068 U+0069 U+006E U+0067 U+0020 U+0066 U+0061 U+0063 U+0065,https://www.emojiall.com/en/emoji/%F0%9F%A4%AB
weibo,mapped_not_in_112,[é˜´é™©],https://www.emojiall.com/images/60/weibo/1f60f.png,ğŸ˜smirking face,U+1F60F U+0073 U+006D U+0069 U+0072 U+006B U+0069 U+006E U+0067 U+0020 U+0066 U+0061 U+0063 U+0065,https://www.emojiall.com/en/emoji/%F0%9F%98%8F
weibo,mapped_not_in_112,[å³å“¼å“¼],https://www.emojiall.com/images/60/weibo/1f624.png,ğŸ˜¤face with steam from nose,U+1F624 U+0066 U+0061 U+0063 U+0065 U+0020 U+0077 U+0069 U+0074 U+0068 U+0020 U+0073 U+0074 U+0065 U+0061 U+006D U+0020 U+0066 U+0072 U+006F U+006D U+0020 U+006E U+006F U+0073 U+0065,https://www.emojiall.com/en/emoji/%F0%9F%98%A4
weibo,mapped_not_in_112,[æ™•],https://www.emojiall.com/images/60/weibo/1f635.png,ğŸ˜µface with crossed-out eyes,U+1F635 U+0066 U+0061 U+0063 U+0065 U+0020 U+0077 U+0069 U+0074 U+0068 U+0020 U+0063 U+0072 U+006F U+0073 U+0073 U+0065 U+0064 U+002D U+006F U+0075 U+0074 U+0020 U+0065 U+0079 U+0065 U+0073,https://www.emojiall.com/en/emoji/%F0%9F%98%B5
weibo,mapped_not_in_112,[æŠ“ç‹‚],https://www.emojiall.com/images/60/weibo/1f62b.png,ğŸ˜«tired face,U+1F62B U+0074 U+0069 U+0072 U+0065 U+0064 U+0020 U+0066 U+0061 U+0063 U+0065,https://www.emojiall.com/en/emoji/%F0%9F%98%AB
weibo,mapped_not_in_112,[çŒªå¤´],https://www.emojiall.com/images/60/weibo/1f437.png,ğŸ·pig face,U+1F437 U+0070 U+0069 U+0067 U+0020 U+0066 U+0061 U+0063 U+0065,https://www.emojiall.com/en/emoji/%F0%9F%90%B7
weibo,mapped_not_in_112,[å·¦å“¼å“¼],https://www.emojiall.com/images/60/weibo/1f624-new.png,ğŸ˜¤face with steam from nose,U+1F624 U+0066 U+0061 U+0063 U+0065 U+0020 U+0077 U+0069 U+0074 U+0068 U+0020 U+0073 U+0074 U+0065 U+0061 U+006D U+0020 U+0066 U+0072 U+006F U+006D U+0020 U+006E U+006F U+0073 U+0065,https://www.emojiall.com/en/emoji/%F0%9F%98%A4
douyin,vendor_only,[V5],https://www.emojiall.com/images/60/douyin/clv.png,,,
douyin,vendor_only,[ç»™åŠ›],https://www.emojiall.com/images/60/douyin/clw.png,,,
douyin,vendor_only,[å˜¿å“ˆ],https://www.emojiall.com/images/60/douyin/cm8.png,,,
douyin,vendor_only,[åŠ å¥½å‹],https://www.emojiall.com/images/60/douyin/cm9.png,,,
douyin,vendor_only,[å‹¾å¼•],https://www.emojiall.com/images/60/douyin/cmt.png,,,
douyin,vendor_only,[æœºæ™º],https://www.emojiall.com/images/60/douyin/cn0.png,,,
douyin,vendor_only,[æ¥çœ‹æˆ‘],https://www.emojiall.com/images/60/douyin/cn1.png,,,
douyin,vendor_only,[çµæœºä¸€åŠ¨],https://www.emojiall.com/images/60/douyin/cn2.png,,,
douyin,vendor_only,[å›°],https://www.emojiall.com/images/60/douyin/cna.png,,,
douyin,vendor_only,[ç–‘é—®],https://www.emojiall.com/images/60/douyin/cnb.png,,,
douyin,vendor_only,[æ³£ä¸æˆå£°],https://www.emojiall.com/images/60/douyin/cnc.png,,,
douyin,vendor_only,[å°é¼“æŒ],https://www.emojiall.com/images/60/douyin/cnd.png,,,
douyin,vendor_only,[å‘å‘†],https://www.emojiall.com/images/60/douyin/cnf.png,,,
douyin,vendor_only,[åè¡€],https://www.emojiall.com/images/60/douyin/cnj.png,,,
douyin,vendor_only,[é…·æ‹½],https://www.emojiall.com/images/60/douyin/cnq.png,,,
douyin,vendor_only,[æ³ªå¥”],https://www.emojiall.com/images/60/douyin/cnv.png,,,
douyin,vendor_only,[æŠ é¼»],https://www.emojiall.com/images/60/douyin/co1.png,,,
douyin,vendor_only,[äº’ç²‰],https://www.emojiall.com/images/60/douyin/co3.png,,,
douyin,vendor_only,[å»æ±¡ç²‰],https://www.emojiall.com/images/60/douyin/co8.png,,,
douyin,vendor_only,[666],https://www.emojiall.com/images/60/douyin/co9.png,,,
douyin,vendor_only,[èˆ”å±],https://www.emojiall.com/images/60/douyin/cof.png,,,
douyin,vendor_only,[é„™è§†],https://www.emojiall.com/images/60/douyin/cog.png,,,
douyin,vendor_only,[ç´«è–‡åˆ«èµ°],https://www.emojiall.com/images/60/douyin/coj.png,,,
douyin,vendor_only,[ä¸å¤±ç¤¼è²Œçš„å¾®ç¬‘],https://www.emojiall.com/images/60/douyin/cop.png,,,
douyin,vendor_only,[åèˆŒ],https://www.emojiall.com/images/60/douyin/coq.png,,,
douyin,vendor_only,[å‘†æ— è¾œ],https://www.emojiall.com/images/60/douyin/cor.png,,,
douyin,vendor_only,[ç™½çœ¼],https://www.emojiall.com/images/60/douyin/cot.png,,,
douyin,vendor_only,[åƒç“œç¾¤ä¼—],https://www.emojiall.com/images/60/douyin/cox.png,,,
douyin,vendor_only,[ç»¿å¸½å­],https://www.emojiall.com/images/60/douyin/coz.png,,,
douyin,vendor_only,[çš±çœ‰],https://www.emojiall.com/images/60/douyin/cp2.png,,,
douyin,vendor_only,[æ“¦æ±—],https://www.emojiall.com/images/60/douyin/cp3.png,,,
douyin,vendor_only,[å¼º],https://www.emojiall.com/images/60/douyin/cp7.png,,,
douyin,vendor_only,[å¦‚èŠ±],https://www.emojiall.com/images/60/douyin/cp8.png,,,
douyin,vendor_only,[å¥‹æ–—],https://www.emojiall.com/images/60/douyin/cpc.png,,,
douyin,mapped_not_in_112,[å¾®ç¬‘],https://www.emojiall.com/images/60/douyin/1f642.png,ğŸ™‚slightly smiling face,U+1F642 U+0073 U+006C U+0069 U+0067 U+0068 U+0074 U+006C U+0079 U+0020 U+0073 U+006D U+0069 U+006C U+0069 U+006E U+0067 U+0020 U+0066 U+0061 U+0063 U+0065,https://www.emojiall.com/en/emoji/%F0%9F%99%82
douyin,mapped_not_in_112,[å®³ç¾],https://www.emojiall.com/images/60/douyin/1f60a.png,ğŸ˜Šsmiling face with smiling eyes,U+1F60A U+0073 U+006D U+0069 U+006C U+0069 U+006E U+0067 U+0020 U+0066 U+0061 U+0063 U+0065 U+0020 U+0077 U+0069 U+0074 U+0068 U+0020 U+0073 U+006D U+0069 U+006C U+0069 U+006E U+0067 U+0020 U+0065 U+0079 U+0065 U+0073,https://www.emojiall.com/en/emoji/%F0%9F%98%8A
douyin,mapped_not_in_112,[å‡»æŒ],https://www.emojiall.com/images/60/douyin/1f64c.png,ğŸ™Œraising hands,U+1F64C U+0072 U+0061 U+0069 U+0073 U+0069 U+006E U+0067 U+0020 U+0068 U+0061 U+006E U+0064 U+0073,https://www.emojiall.com/en/emoji/%F0%9F%99%8C
douyin,mapped_not_in_112,[å·¦ä¸Š],https://www.emojiall.com/images/60/douyin/1f446.png,ğŸ‘†backhand index pointing up,U+1F446 U+0062 U+0061 U+0063 U+006B U+0068 U+0061 U+006E U+0064 U+0020 U+0069 U+006E U+0064 U+0065 U+0078 U+0020 U+0070 U+006F U+0069 U+006E U+0074 U+0069 U+006E U+0067 U+0020 U+0075 U+0070,https://www.emojiall.com/en/emoji/%F0%9F%91%86
douyin,mapped_not_in_112,[æ¡æ‰‹],https://www.emojiall.com/images/60/douyin/1f91d.png,ğŸ¤handshake,U+1F91D U+0068 U+0061 U+006E U+0064 U+0073 U+0068 U+0061 U+006B U+0065,https://www.emojiall.com/en/emoji/%F0%9F%A4%9D
douyin,mapped_not_in_112,[18ç¦],https://www.emojiall.com/images/60/douyin/1f51e.png,ğŸ”no one under eighteen,U+1F51E U+006E U+006F U+0020 U+006F U+006E U+0065 U+0020 U+0075 U+006E U+0064 U+0065 U+0072 U+0020 U+0065 U+0069 U+0067 U+0068 U+0074 U+0065 U+0065 U+006E,https://www.emojiall.com/en/emoji/%F0%9F%94%9E
douyin,mapped_not_in_112,[èœåˆ€],https://www.emojiall.com/images/60/douyin/1f52a.png,ğŸ”ªkitchen knife,U+1F52A U+006B U+0069 U+0074 U+0063 U+0068 U+0065 U+006E U+0020 U+006B U+006E U+0069 U+0066 U+0065,https://www.emojiall.com/en/emoji/%F0%9F%94%AA
douyin,mapped_not_in_112,[çˆ±å¿ƒ],https://www.emojiall.com/images/60/douyin/2764.png,â¤red heart,U+2764 U+0072 U+0065 U+0064 U+0020 U+0068 U+0065 U+0061 U+0072 U+0074,https://www.emojiall.com/en/emoji/%E2%9D%A4
douyin,mapped_not_in_112,[å¿ƒç¢],https://www.emojiall.com/images/60/douyin/1f494.png,ğŸ’”broken heart,U+1F494 U+0062 U+0072 U+006F U+006B U+0065 U+006E U+0020 U+0068 U+0065 U+0061 U+0072 U+0074,https://www.emojiall.com/en/emoji/%F0%9F%92%94
douyin,mapped_not_in_112,[ä¾¿ä¾¿],https://www.emojiall.com/images/60/douyin/1f4a9.png,ğŸ’©pile of poo,U+1F4A9 U+0070 U+0069 U+006C U+0065 U+0020 U+006F U+0066 U+0020 U+0070 U+006F U+006F,https://www.emojiall.com/en/emoji/%F0%9F%92%A9
douyin,mapped_not_in_112,[æƒŠè®¶],https://www.emojiall.com/images/60/douyin/1f632.png,ğŸ˜²astonished face,U+1F632 U+0061 U+0073 U+0074 U+006F U+006E U+0069 U+0073 U+0068 U+0065 U+0064 U+0020 U+0066 U+0061 U+0063 U+0065,https://www.emojiall.com/en/emoji/%F0%9F%98%B2
douyin,mapped_not_in_112,[è°ƒçš®],https://www.emojiall.com/images/60/douyin/1f61b.png,ğŸ˜›face with tongue,U+1F61B U+0066 U+0061 U+0063 U+0065 U+0020 U+0077 U+0069 U+0074 U+0068 U+0020 U+0074 U+006F U+006E U+0067 U+0075 U+0065,https://www.emojiall.com/en/emoji/%F0%9F%98%9B
douyin,mapped_not_in_112,[ç¤¼ç‰©],https://www.emojiall.com/images/60/douyin/1f381.png,ğŸwrapped gift,U+1F381 U+0077 U+0072 U+0061 U+0070 U+0070 U+0065 U+0064 U+0020 U+0067 U+0069 U+0066 U+0074,https://www.emojiall.com/en/emoji/%F0%9F%8E%81
douyin,mapped_not_in_112,[è›‹ç³•],https://www.emojiall.com/images/60/douyin/1f382.png,ğŸ‚birthday cake,U+1F382 U+0062 U+0069 U+0072 U+0074 U+0068 U+0064 U+0061 U+0079 U+0020 U+0063 U+0061 U+006B U+0065,https://www.emojiall.com/en/emoji/%F0%9F%8E%82
douyin,mapped_not_in_112,[æ´¾å¯¹],https://www.emojiall.com/images/60/douyin/1f389.png,ğŸ‰party popper,U+1F389 U+0070 U+0061 U+0072 U+0074 U+0079 U+0020 U+0070 U+006F U+0070 U+0070 U+0065 U+0072,https://www.emojiall.com/en/emoji/%F0%9F%8E%89
douyin,mapped_not_in_112,[ä¸çœ‹],https://www.emojiall.com/images/60/douyin/1f648.png,ğŸ™ˆsee-no-evil monkey,U+1F648 U+0073 U+0065 U+0065 U+002D U+006E U+006F U+002D U+0065 U+0076 U+0069 U+006C U+0020 U+006D U+006F U+006E U+006B U+0065 U+0079,https://www.emojiall.com/en/emoji/%F0%9F%99%88
douyin,mapped_not_in_112,[ç‚¸å¼¹],https://www.emojiall.com/images/60/douyin/1f4a3.png,ğŸ’£bomb,U+1F4A3 U+0062 U+006F U+006D U+0062,https://www.emojiall.com/en/emoji/%F0%9F%92%A3
douyin,mapped_not_in_112,[æ†¨ç¬‘],https://www.emojiall.com/images/60/douyin/1f600.png,ğŸ˜€grinning face,U+1F600 U+0067 U+0072 U+0069 U+006E U+006E U+0069 U+006E U+0067 U+0020 U+0066 U+0061 U+0063 U+0065,https://www.emojiall.com/en/emoji/%F0%9F%98%80
douyin,mapped_not_in_112,[æ‚ é—²],https://www.emojiall.com/images/60/douyin/1f6ac.png,ğŸš¬cigarette,U+1F6AC U+0063 U+0069 U+0067 U+0061 U+0072 U+0065 U+0074 U+0074 U+0065,https://www.emojiall.com/en/emoji/%F0%9F%9A%AC
douyin,mapped_not_in_112,[æ™•],https://www.emojiall.com/images/60/douyin/1f635.png,ğŸ˜µface with crossed-out eyes,U+1F635 U+0066 U+0061 U+0063 U+0065 U+0020 U+0077 U+0069 U+0074 U+0068 U+0020 U+0063 U+0072 U+006F U+0073 U+0073 U+0065 U+0064 U+002D U+006F U+0075 U+0074 U+0020 U+0065 U+0079 U+0065 U+0073,https://www.emojiall.com/en/emoji/%F0%9F%98%B5
douyin,mapped_not_in_112,[å›§],https://www.emojiall.com/images/60/douyin/1f644.png,ğŸ™„face with rolling eyes,U+1F644 U+0066 U+0061 U+0063 U+0065 U+0020 U+0077 U+0069 U+0074 U+0068 U+0020 U+0072 U+006F U+006C U+006C U+0069 U+006E U+0067 U+0020 U+0065 U+0079 U+0065 U+0073,https://www.emojiall.com/en/emoji/%F0%9F%99%84
douyin,mapped_not_in_112,[é˜´é™©],https://www.emojiall.com/images/60/douyin/1f60f.png,ğŸ˜smirking face,U+1F60F U+0073 U+006D U+0069 U+0072 U+006B U+0069 U+006E U+0067 U+0020 U+0066 U+0061 U+0063 U+0065,https://www.emojiall.com/en/emoji/%F0%9F%98%8F
douyin,mapped_not_in_112,[æƒŠæ],https://www.emojiall.com/images/60/douyin/1f628.png,ğŸ˜¨fearful face,U+1F628 U+0066 U+0065 U+0061 U+0072 U+0066 U+0075 U+006C U+0020 U+0066 U+0061 U+0063 U+0065,https://www.emojiall.com/en/emoji/%F0%9F%98%A8
douyin,mapped_not_in_112,[éš¾è¿‡],https://www.emojiall.com/images/60/douyin/1f641.png,ğŸ™slightly frowning face,U+1F641 U+0073 U+006C U+0069 U+0067 U+0068 U+0074 U+006C U+0079 U+0020 U+0066 U+0072 U+006F U+0077 U+006E U+0069 U+006E U+0067 U+0020 U+0066 U+0061 U+0063 U+0065,https://www.emojiall.com/en/emoji/%F0%9F%99%81
douyin,mapped_not_in_112,[æ–œçœ¼],https://www.emojiall.com/images/60/douyin/1f612.png,ğŸ˜’unamused face,U+1F612 U+0075 U+006E U+0061 U+006D U+0075 U+0073 U+0065 U+0064 U+0020 U+0066 U+0061 U+0063 U+0065,https://www.emojiall.com/en/emoji/%F0%9F%98%92
douyin,mapped_not_in_112,[å·¦å“¼å“¼],https://www.emojiall.com/images/60/douyin/1f624.png,ğŸ˜¤face with steam from nose,U+1F624 U+0066 U+0061 U+0063 U+0065 U+0020 U+0077 U+0069 U+0074 U+0068 U+0020 U+0073 U+0074 U+0065 U+0061 U+006D U+0020 U+0066 U+0072 U+006F U+006D U+0020 U+006E U+006F U+0073 U+0065,https://www.emojiall.com/en/emoji/%F0%9F%98%A4
douyin,mapped_not_in_112,[å³å“¼å“¼],https://www.emojiall.com/images/60/douyin/1f624-new.png,ğŸ˜¤face with steam from nose,U+1F624 U+0066 U+0061 U+0063 U+0065 U+0020 U+0077 U+0069 U+0074 U+0068 U+0020 U+0073 U+0074 U+0065 U+0061 U+006D U+0020 U+0066 U+0072 U+006F U+006D U+0020 U+006E U+006F U+0073 U+0065,https://www.emojiall.com/en/emoji/%F0%9F%98%A4
douyin,mapped_not_in_112,[å’’éª‚],https://www.emojiall.com/images/60/douyin/1f92c.png,ğŸ¤¬face with symbols on mouth,U+1F92C U+0066 U+0061 U+0063 U+0065 U+0020 U+0077 U+0069 U+0074 U+0068 U+0020 U+0073 U+0079 U+006D U+0062 U+006F U+006C U+0073 U+0020 U+006F U+006E U+0020 U+006D U+006F U+0075 U+0074 U+0068,https://www.emojiall.com/en/emoji/%F0%9F%A4%AC
douyin,mapped_not_in_112,[å’–å•¡],https://www.emojiall.com/images/60/douyin/2615.png,â˜•hot beverage,U+2615 U+0068 U+006F U+0074 U+0020 U+0062 U+0065 U+0076 U+0065 U+0072 U+0061 U+0067 U+0065,https://www.emojiall.com/en/emoji/%E2%98%95
douyin,mapped_not_in_112,[è¥¿ç“œ],https://www.emojiall.com/images/60/douyin/1f349.png,ğŸ‰watermelon,U+1F349 U+0077 U+0061 U+0074 U+0065 U+0072 U+006D U+0065 U+006C U+006F U+006E,https://www.emojiall.com/en/emoji/%F0%9F%8D%89
douyin,mapped_not_in_112,[è¡°],https://www.emojiall.com/images/60/douyin/1f622.png,ğŸ˜¢crying face,U+1F622 U+0063 U+0072 U+0079 U+0069 U+006E U+0067 U+0020 U+0066 U+0061 U+0063 U+0065,https://www.emojiall.com/en/emoji/%F0%9F%98%A2
douyin,mapped_not_in_112,[å¤ªé˜³],https://www.emojiall.com/images/60/douyin/1f31e.png,ğŸŒsun with face,U+1F31E U+0073 U+0075 U+006E U+0020 U+0077 U+0069 U+0074 U+0068 U+0020 U+0066 U+0061 U+0063 U+0065,https://www.emojiall.com/en/emoji/%F0%9F%8C%9E
douyin,mapped_not_in_112,[æœˆäº®],https://www.emojiall.com/images/60/douyin/1f31c.png,ğŸŒœlast quarter moon face,U+1F31C U+006C U+0061 U+0073 U+0074 U+0020 U+0071 U+0075 U+0061 U+0072 U+0074 U+0065 U+0072 U+0020 U+006D U+006F U+006F U+006E U+0020 U+0066 U+0061 U+0063 U+0065,https://www.emojiall.com/en/emoji/%F0%9F%8C%9C
douyin,mapped_not_in_112,[å‘],https://www.emojiall.com/images/60/douyin/1f005.png,ğŸ€…Mahjong Tile Green Dragon,U+1F005 U+004D U+0061 U+0068 U+006A U+006F U+006E U+0067 U+0020 U+0054 U+0069 U+006C U+0065 U+0020 U+0047 U+0072 U+0065 U+0065 U+006E U+0020 U+0044 U+0072 U+0061 U+0067 U+006F U+006E,https://www.emojiall.com/en/emoji/%F0%9F%80%85
douyin,mapped_not_in_112,[çŒªå¤´],https://www.emojiall.com/images/60/douyin/1f437.png,ğŸ·pig face,U+1F437 U+0070 U+0069 U+0067 U+0020 U+0066 U+0061 U+0063 U+0065,https://www.emojiall.com/en/emoji/%F0%9F%90%B7
douyin,mapped_not_in_112,[å‡‹è°¢],https://www.emojiall.com/images/60/douyin/1f940.png,ğŸ¥€wilted flower,U+1F940 U+0077 U+0069 U+006C U+0074 U+0065 U+0064 U+0020 U+0066 U+006C U+006F U+0077 U+0065 U+0072,https://www.emojiall.com/en/emoji/%F0%9F%A5%80
douyin,mapped_not_in_112,[çº¢åŒ…],https://www.emojiall.com/images/60/douyin/1f9e7.png,ğŸ§§red envelope,U+1F9E7 U+0072 U+0065 U+0064 U+0020 U+0065 U+006E U+0076 U+0065 U+006C U+006F U+0070 U+0065,https://www.emojiall.com/en/emoji/%F0%9F%A7%A7
douyin,mapped_not_in_112,[æ‹³å¤´],https://www.emojiall.com/images/60/douyin/270a.png,âœŠraised fist,U+270A U+0072 U+0061 U+0069 U+0073 U+0065 U+0064 U+0020 U+0066 U+0069 U+0073 U+0074,https://www.emojiall.com/en/emoji/%E2%9C%8A
douyin,mapped_not_in_112,[èƒœåˆ©],https://www.emojiall.com/images/60/douyin/270c.png,âœŒvictory hand,U+270C U+0076 U+0069 U+0063 U+0074 U+006F U+0072 U+0079 U+0020 U+0068 U+0061 U+006E U+0064,https://www.emojiall.com/en/emoji/%E2%9C%8C
douyin,mapped_not_in_112,[æŠ±æ‹³],https://www.emojiall.com/images/60/douyin/1f64f.png,ğŸ™folded hands,U+1F64F U+0066 U+006F U+006C U+0064 U+0065 U+0064 U+0020 U+0068 U+0061 U+006E U+0064 U+0073,https://www.emojiall.com/en/emoji/%F0%9F%99%8F
douyin,mapped_not_in_112,[é—­å˜´],https://www.emojiall.com/images/60/douyin/1f910.png,ğŸ¤zipper-mouth face,U+1F910 U+007A U+0069 U+0070 U+0070 U+0065 U+0072 U+002D U+006D U+006F U+0075 U+0074 U+0068 U+0020 U+0066 U+0061 U+0063 U+0065,https://www.emojiall.com/en/emoji/%F0%9F%A4%90
douyin,mapped_not_in_112,[å¼±],https://www.emojiall.com/images/60/douyin/1f44e.png,ğŸ‘thumbs down,U+1F44E U+0074 U+0068 U+0075 U+006D U+0062 U+0073 U+0020 U+0064 U+006F U+0077 U+006E,https://www.emojiall.com/en/emoji/%F0%9F%91%8E
douyin,mapped_not_in_112,[å·¦è¾¹],https://www.emojiall.com/images/60/douyin/1f448.png,ğŸ‘ˆbackhand index pointing left,U+1F448 U+0062 U+0061 U+0063 U+006B U+0068 U+0061 U+006E U+0064 U+0020 U+0069 U+006E U+0064 U+0065 U+0078 U+0020 U+0070 U+006F U+0069 U+006E U+0074 U+0069 U+006E U+0067 U+0020 U+006C U+0065 U+0066 U+0074,https://www.emojiall.com/en/emoji/%F0%9F%91%88
douyin,mapped_not_in_112,[å³è¾¹],https://www.emojiall.com/images/60/douyin/1f449.png,ğŸ‘‰backhand index pointing right,U+1F449 U+0062 U+0061 U+0063 U+006B U+0068 U+0061 U+006E U+0064 U+0020 U+0069 U+006E U+0064 U+0065 U+0078 U+0020 U+0070 U+006F U+0069 U+006E U+0074 U+0069 U+006E U+0067 U+0020 U+0072 U+0069 U+0067 U+0068 U+0074,https://www.emojiall.com/en/emoji/%F0%9F%91%89
douyin,mapped_not_in_112,[é€å¿ƒ],https://www.emojiall.com/images/60/douyin/1f970.png,ğŸ¥°smiling face with hearts,U+1F970 U+0073 U+006D U+0069 U+006C U+0069 U+006E U+0067 U+0020 U+0066 U+0061 U+0063 U+0065 U+0020 U+0077 U+0069 U+0074 U+0068 U+0020 U+0068 U+0065 U+0061 U+0072 U+0074 U+0073,https://www.emojiall.com/en/emoji/%F0%9F%A5%B0
douyin,mapped_not_in_112,[è€¶],https://www.emojiall.com/images/60/douyin/270c-new.png,âœŒvictory hand,U+270C U+0076 U+0069 U+0063 U+0074 U+006F U+0072 U+0079 U+0020 U+0068 U+0061 U+006E U+0064,https://www.emojiall.com/en/emoji/%E2%9C%8C
douyin,mapped_not_in_112,[æ‚è„¸],https://www.emojiall.com/images/60/douyin/1f926.png,ğŸ¤¦person facepalming,U+1F926 U+0070 U+0065 U+0072 U+0073 U+006F U+006E U+0020 U+0066 U+0061 U+0063 U+0065 U+0070 U+0061 U+006C U+006D U+0069 U+006E U+0067,https://www.emojiall.com/en/emoji/%F0%9F%A4%A6
douyin,mapped_not_in_112,[è‰²],https://www.emojiall.com/images/60/douyin/1f60d.png,ğŸ˜smiling face with heart-eyes,U+1F60D U+0073 U+006D U+0069 U+006C U+0069 U+006E U+0067 U+0020 U+0066 U+0061 U+0063 U+0065 U+0020 U+0077 U+0069 U+0074 U+0068 U+0020 U+0068 U+0065 U+0061 U+0072 U+0074 U+002D U+0065 U+0079 U+0065 U+0073,https://www.emojiall.com/en/emoji/%F0%9F%98%8D
douyin,mapped_not_in_112,[æ‰“è„¸],https://www.emojiall.com/images/60/douyin/1f915.png,ğŸ¤•face with head-bandage,U+1F915 U+0066 U+0061 U+0063 U+0065 U+0020 U+0077 U+0069 U+0074 U+0068 U+0020 U+0068 U+0065 U+0061 U+0064 U+002D U+0062 U+0061 U+006E U+0064 U+0061 U+0067 U+0065,https://www.emojiall.com/en/emoji/%F0%9F%A4%95
douyin,mapped_not_in_112,[å¤§ç¬‘],https://www.emojiall.com/images/60/douyin/1f604.png,ğŸ˜„grinning face with smiling eyes,U+1F604 U+0067 U+0072 U+0069 U+006E U+006E U+0069 U+006E U+0067 U+0020 U+0066 U+0061 U+0063 U+0065 U+0020 U+0077 U+0069 U+0074 U+0068 U+0020 U+0073 U+006D U+0069 U+006C U+0069 U+006E U+0067 U+0020 U+0065 U+0079 U+0065 U+0073,https://www.emojiall.com/en/emoji/%F0%9F%98%84
douyin,mapped_not_in_112,[å“ˆæ¬ ],https://www.emojiall.com/images/60/douyin/1f971.png,ğŸ¥±yawning face,U+1F971 U+0079 U+0061 U+0077 U+006E U+0069 U+006E U+0067 U+0020 U+0066 U+0061 U+0063 U+0065,https://www.emojiall.com/en/emoji/%F0%9F%A5%B1
douyin,mapped_not_in_112,[éœ‡æƒŠ],https://www.emojiall.com/images/60/douyin/1f92f.png,ğŸ¤¯exploding head,U+1F92F U+0065 U+0078 U+0070 U+006C U+006F U+0064 U+0069 U+006E U+0067 U+0020 U+0068 U+0065 U+0061 U+0064,https://www.emojiall.com/en/emoji/%F0%9F%A4%AF
douyin,mapped_not_in_112,[å¤§é‡‘ç‰™],https://www.emojiall.com/images/60/douyin/1f9b7.png,ğŸ¦·tooth,U+1F9B7 U+0074 U+006F U+006F U+0074 U+0068,https://www.emojiall.com/en/emoji/%F0%9F%A6%B7
douyin,mapped_not_in_112,[å·ç¬‘],https://www.emojiall.com/images/60/douyin/1f92d.png,ğŸ¤­face with hand over mouth,U+1F92D U+0066 U+0061 U+0063 U+0065 U+0020 U+0077 U+0069 U+0074 U+0068 U+0020 U+0068 U+0061 U+006E U+0064 U+0020 U+006F U+0076 U+0065 U+0072 U+0020 U+006D U+006F U+0075 U+0074 U+0068,https://www.emojiall.com/en/emoji/%F0%9F%A4%AD
douyin,mapped_not_in_112,[çŸ³åŒ–],https://www.emojiall.com/images/60/douyin/1f630.png,ğŸ˜°anxious face with sweat,U+1F630 U+0061 U+006E U+0078 U+0069 U+006F U+0075 U+0073 U+0020 U+0066 U+0061 U+0063 U+0065 U+0020 U+0077 U+0069 U+0074 U+0068 U+0020 U+0073 U+0077 U+0065 U+0061 U+0074,https://www.emojiall.com/en/emoji/%F0%9F%98%B0
douyin,mapped_not_in_112,[æ€è€ƒ],https://www.emojiall.com/images/60/douyin/1f914.png,ğŸ¤”thinking face,U+1F914 U+0074 U+0068 U+0069 U+006E U+006B U+0069 U+006E U+0067 U+0020 U+0066 U+0061 U+0063 U+0065,https://www.emojiall.com/en/emoji/%F0%9F%A4%94
douyin,mapped_not_in_112,[å¯æ€œ],https://www.emojiall.com/images/60/douyin/1f97a.png,ğŸ¥ºpleading face,U+1F97A U+0070 U+006C U+0065 U+0061 U+0064 U+0069 U+006E U+0067 U+0020 U+0066 U+0061 U+0063 U+0065,https://www.emojiall.com/en/emoji/%F0%9F%A5%BA
douyin,mapped_not_in_112,[å˜˜],https://www.emojiall.com/images/60/douyin/1f92b.png,ğŸ¤«shushing face,U+1F92B U+0073 U+0068 U+0075 U+0073 U+0068 U+0069 U+006E U+0067 U+0020 U+0066 U+0061 U+0063 U+0065,https://www.emojiall.com/en/emoji/%F0%9F%A4%AB
douyin,mapped_not_in_112,[æ’‡å˜´],https://www.emojiall.com/images/60/douyin/1f615.png,ğŸ˜•confused face,U+1F615 U+0063 U+006F U+006E U+0066 U+0075 U+0073 U+0065 U+0064 U+0020 U+0066 U+0061 U+0063 U+0065,https://www.emojiall.com/en/emoji/%F0%9F%98%95
douyin,mapped_not_in_112,[å°´å°¬],https://www.emojiall.com/images/60/douyin/1f605.png,ğŸ˜…grinning face with sweat,U+1F605 U+0067 U+0072 U+0069 U+006E U+006E U+0069 U+006E U+0067 U+0020 U+0066 U+0061 U+0063 U+0065 U+0020 U+0077 U+0069 U+0074 U+0068 U+0020 U+0073 U+0077 U+0065 U+0061 U+0074,https://www.emojiall.com/en/emoji/%F0%9F%98%85
douyin,mapped_not_in_112,[ç¬‘å“­],https://www.emojiall.com/images/60/douyin/1f602.png,ğŸ˜‚face with tears of joy,U+1F602 U+0066 U+0061 U+0063 U+0065 U+0020 U+0077 U+0069 U+0074 U+0068 U+0020 U+0074 U+0065 U+0061 U+0072 U+0073 U+0020 U+006F U+0066 U+0020 U+006A U+006F U+0079,https://www.emojiall.com/en/emoji/%F0%9F%98%82
douyin,mapped_not_in_112,[ç”Ÿç—…],https://www.emojiall.com/images/60/douyin/1f637.png,ğŸ˜·face with medical mask,U+1F637 U+0066 U+0061 U+0063 U+0065 U+0020 U+0077 U+0069 U+0074 U+0068 U+0020 U+006D U+0065 U+0064 U+0069 U+0063 U+0061 U+006C U+0020 U+006D U+0061 U+0073 U+006B,https://www.emojiall.com/en/emoji/%F0%9F%98%B7
douyin,mapped_not_in_112,[å¥¸ç¬‘],https://www.emojiall.com/images/60/douyin/1f60f-new.png,ğŸ˜smirking face,U+1F60F U+0073 U+006D U+0069 U+0072 U+006B U+0069 U+006E U+0067 U+0020 U+0066 U+0061 U+0063 U+0065,https://www.emojiall.com/en/emoji/%F0%9F%98%8F
douyin,mapped_not_in_112,[å¾—æ„],https://www.emojiall.com/images/60/douyin/1f60e.png,ğŸ˜smiling face with sunglasses,U+1F60E U+0073 U+006D U+0069 U+006C U+0069 U+006E U+0067 U+0020 U+0066 U+0061 U+0063 U+0065 U+0020 U+0077 U+0069 U+0074 U+0068 U+0020 U+0073 U+0075 U+006E U+0067 U+006C U+0061 U+0073 U+0073 U+0065 U+0073,https://www.emojiall.com/en/emoji/%F0%9F%98%8E
douyin,mapped_not_in_112,[åç¬‘],https://www.emojiall.com/images/60/douyin/1f62c.png,ğŸ˜¬grimacing face,U+1F62C U+0067 U+0072 U+0069 U+006D U+0061 U+0063 U+0069 U+006E U+0067 U+0020 U+0066 U+0061 U+0063 U+0065,https://www.emojiall.com/en/emoji/%F0%9F%98%AC
douyin,mapped_not_in_112,[æŠ“ç‹‚],https://www.emojiall.com/images/60/douyin/1f62b.png,ğŸ˜«tired face,U+1F62B U+0074 U+0069 U+0072 U+0065 U+0064 U+0020 U+0066 U+0061 U+0063 U+0065,https://www.emojiall.com/en/emoji/%F0%9F%98%AB
douyin,mapped_not_in_112,[é’±],https://www.emojiall.com/images/60/douyin/1f911.png,ğŸ¤‘money-mouth face,U+1F911 U+006D U+006F U+006E U+0065 U+0079 U+002D U+006D U+006F U+0075 U+0074 U+0068 U+0020 U+0066 U+0061 U+0063 U+0065,https://www.emojiall.com/en/emoji/%F0%9F%A4%91
douyin,mapped_not_in_112,[äº²äº²],https://www.emojiall.com/images/60/douyin/1f61a.png,ğŸ˜škissing face with closed eyes,U+1F61A U+006B U+0069 U+0073 U+0073 U+0069 U+006E U+0067 U+0020 U+0066 U+0061 U+0063 U+0065 U+0020 U+0077 U+0069 U+0074 U+0068 U+0020 U+0063 U+006C U+006F U+0073 U+0065 U+0064 U+0020 U+0065 U+0079 U+0065 U+0073,https://www.emojiall.com/en/emoji/%F0%9F%98%9A
douyin,mapped_not_in_112,[ææƒ§],https://www.emojiall.com/images/60/douyin/1f631.png,ğŸ˜±face screaming in fear,U+1F631 U+0066 U+0061 U+0063 U+0065 U+0020 U+0073 U+0063 U+0072 U+0065 U+0061 U+006D U+0069 U+006E U+0067 U+0020 U+0069 U+006E U+0020 U+0066 U+0065 U+0061 U+0072,https://www.emojiall.com/en/emoji/%F0%9F%98%B1
douyin,mapped_not_in_112,[æ„‰å¿«],https://www.emojiall.com/images/60/douyin/1f604-new.png,ğŸ˜„grinning face with smiling eyes,U+1F604 U+0067 U+0072 U+0069 U+006E U+006E U+0069 U+006E U+0067 U+0020 U+0066 U+0061 U+0063 U+0065 U+0020 U+0077 U+0069 U+0074 U+0068 U+0020 U+0073 U+006D U+0069 U+006C U+0069 U+006E U+0067 U+0020 U+0065 U+0079 U+0065 U+0073,https://www.emojiall.com/en/emoji/%F0%9F%98%84
douyin,mapped_not_in_112,[ç«ç‘°],https://www.emojiall.com/images/60/douyin/1f339.png,ğŸŒ¹rose,U+1F339 U+0072 U+006F U+0073 U+0065,https://www.emojiall.com/en/emoji/%F0%9F%8C%B9
douyin,mapped_not_in_112,[å¿«å“­äº†],https://www.emojiall.com/images/60/douyin/1f625.png,ğŸ˜¥sad but relieved face,U+1F625 U+0073 U+0061 U+0064 U+0020 U+0062 U+0075 U+0074 U+0020 U+0072 U+0065 U+006C U+0069 U+0065 U+0076 U+0065 U+0064 U+0020 U+0066 U+0061 U+0063 U+0065,https://www.emojiall.com/en/emoji/%F0%9F%98%A5
douyin,mapped_not_in_112,[ç¿»ç™½çœ¼],https://www.emojiall.com/images/60/douyin/1f644-new.png,ğŸ™„face with rolling eyes,U+1F644 U+0066 U+0061 U+0063 U+0065 U+0020 U+0077 U+0069 U+0074 U+0068 U+0020 U+0072 U+006F U+006C U+006C U+0069 U+006E U+0067 U+0020 U+0065 U+0079 U+0065 U+0073,https://www.emojiall.com/en/emoji/%F0%9F%99%84
douyin,mapped_not_in_112,[èµ],https://www.emojiall.com/images/60/douyin/1f44d.png,ğŸ‘thumbs up,U+1F44D U+0074 U+0068 U+0075 U+006D U+0062 U+0073 U+0020 U+0075 U+0070,https://www.emojiall.com/en/emoji/%F0%9F%91%8D
douyin,mapped_not_in_112,[é¼“æŒ],https://www.emojiall.com/images/60/douyin/1f44f.png,ğŸ‘clapping hands,U+1F44F U+0063 U+006C U+0061 U+0070 U+0070 U+0069 U+006E U+0067 U+0020 U+0068 U+0061 U+006E U+0064 U+0073,https://www.emojiall.com/en/emoji/%F0%9F%91%8F
douyin,mapped_not_in_112,[æ„Ÿè°¢],https://www.emojiall.com/images/60/douyin/1f64f-new.png,ğŸ™folded hands,U+1F64F U+0066 U+006F U+006C U+0064 U+0065 U+0064 U+0020 U+0068 U+0061 U+006E U+0064 U+0073,https://www.emojiall.com/en/emoji/%F0%9F%99%8F
douyin,mapped_not_in_112,[å˜´å”‡],https://www.emojiall.com/images/60/douyin/1f444.png,ğŸ‘„mouth,U+1F444 U+006D U+006F U+0075 U+0074 U+0068,https://www.emojiall.com/en/emoji/%F0%9F%91%84
douyin,mapped_not_in_112,[èƒ¡ç“œ],https://www.emojiall.com/images/60/douyin/1f952.png,ğŸ¥’cucumber,U+1F952 U+0063 U+0075 U+0063 U+0075 U+006D U+0062 U+0065 U+0072,https://www.emojiall.com/en/emoji/%F0%9F%A5%92
douyin,mapped_not_in_112,[æµæ³ª],https://www.emojiall.com/images/60/douyin/1f622-new.png,ğŸ˜¢crying face,U+1F622 U+0063 U+0072 U+0079 U+0069 U+006E U+0067 U+0020 U+0066 U+0061 U+0063 U+0065,https://www.emojiall.com/en/emoji/%F0%9F%98%A2
douyin,mapped_not_in_112,[å•¤é…’],https://www.emojiall.com/images/60/douyin/1f37a.png,ğŸºbeer mug,U+1F37A U+0062 U+0065 U+0065 U+0072 U+0020 U+006D U+0075 U+0067,https://www.emojiall.com/en/emoji/%F0%9F%8D%BA
douyin,mapped_not_in_112,[æˆ‘æƒ³é™é™],https://www.emojiall.com/images/60/douyin/1f611.png,ğŸ˜‘expressionless face,U+1F611 U+0065 U+0078 U+0070 U+0072 U+0065 U+0073 U+0073 U+0069 U+006F U+006E U+006C U+0065 U+0073 U+0073 U+0020 U+0066 U+0061 U+0063 U+0065,https://www.emojiall.com/en/emoji/%F0%9F%98%91
douyin,mapped_not_in_112,[å§”å±ˆ],https://www.emojiall.com/images/60/douyin/1f641-new.png,ğŸ™slightly frowning face,U+1F641 U+0073 U+006C U+0069 U+0067 U+0068 U+0074 U+006C U+0079 U+0020 U+0066 U+0072 U+006F U+0077 U+006E U+0069 U+006E U+0067 U+0020 U+0066 U+0061 U+0063 U+0065,https://www.emojiall.com/en/emoji/%F0%9F%99%81
douyin,mapped_not_in_112,[é£å»],https://www.emojiall.com/images/60/douyin/1f618.png,ğŸ˜˜face blowing a kiss,U+1F618 U+0066 U+0061 U+0063 U+0065 U+0020 U+0062 U+006C U+006F U+0077 U+0069 U+006E U+0067 U+0020 U+0061 U+0020 U+006B U+0069 U+0073 U+0073,https://www.emojiall.com/en/emoji/%F0%9F%98%98
douyin,mapped_not_in_112,[å†è§],https://www.emojiall.com/images/60/douyin/1f44b.png,ğŸ‘‹waving hand,U+1F44B U+0077 U+0061 U+0076 U+0069 U+006E U+0067 U+0020 U+0068 U+0061 U+006E U+0064,https://www.emojiall.com/en/emoji/%F0%9F%91%8B
douyin,mapped_not_in_112,[å¬æ­Œ],https://www.emojiall.com/images/60/douyin/1f3a7.png,ğŸ§headphone,U+1F3A7 U+0068 U+0065 U+0061 U+0064 U+0070 U+0068 U+006F U+006E U+0065,https://www.emojiall.com/en/emoji/%F0%9F%8E%A7
douyin,mapped_not_in_112,[å‘æ€’],https://www.emojiall.com/images/60/douyin/1f621.png,ğŸ˜¡enraged face,U+1F621 U+0065 U+006E U+0072 U+0061 U+0067 U+0065 U+0064 U+0020 U+0066 U+0061 U+0063 U+0065,https://www.emojiall.com/en/emoji/%F0%9F%98%A1
douyin,mapped_not_in_112,[ç»æœ›çš„å‡è§†],https://www.emojiall.com/images/60/douyin/1f61e.png,ğŸ˜disappointed face,U+1F61E U+0064 U+0069 U+0073 U+0061 U+0070 U+0070 U+006F U+0069 U+006E U+0074 U+0065 U+0064 U+0020 U+0066 U+0061 U+0063 U+0065,https://www.emojiall.com/en/emoji/%F0%9F%98%9E
douyin,mapped_not_in_112,[çœ‹],https://www.emojiall.com/images/60/douyin/1f436.png,ğŸ¶dog face,U+1F436 U+0064 U+006F U+0067 U+0020 U+0066 U+0061 U+0063 U+0065,https://www.emojiall.com/en/emoji/%F0%9F%90%B6
douyin,mapped_not_in_112,[ç†Šå‰],https://www.emojiall.com/images/60/douyin/1f43b.png,ğŸ»bear,U+1F43B U+0062 U+0065 U+0061 U+0072,https://www.emojiall.com/en/emoji/%F0%9F%90%BB
douyin,mapped_not_in_112,[éª·é«…],https://www.emojiall.com/images/60/douyin/1f480.png,ğŸ’€skull,U+1F480 U+0073 U+006B U+0075 U+006C U+006C,https://www.emojiall.com/en/emoji/%F0%9F%92%80
douyin,mapped_not_in_112,[é»‘è„¸],https://www.emojiall.com/images/60/douyin/1f31a.png,ğŸŒšnew moon face,U+1F31A U+006E U+0065 U+0077 U+0020 U+006D U+006F U+006F U+006E U+0020 U+0066 U+0061 U+0063 U+0065,https://www.emojiall.com/en/emoji/%F0%9F%8C%9A
douyin,mapped_not_in_112,[å‘²ç‰™],https://www.emojiall.com/images/60/douyin/1f601.png,ğŸ˜beaming face with smiling eyes,U+1F601 U+0062 U+0065 U+0061 U+006D U+0069 U+006E U+0067 U+0020 U+0066 U+0061 U+0063 U+0065 U+0020 U+0077 U+0069 U+0074 U+0068 U+0020 U+0073 U+006D U+0069 U+006C U+0069 U+006E U+0067 U+0020 U+0065 U+0079 U+0065 U+0073,https://www.emojiall.com/en/emoji/%F0%9F%98%81
douyin,mapped_not_in_112,[å],https://www.emojiall.com/images/60/douyin/1f92e.png,ğŸ¤®face vomiting,U+1F92E U+0066 U+0061 U+0063 U+0065 U+0020 U+0076 U+006F U+006D U+0069 U+0074 U+0069 U+006E U+0067,https://www.emojiall.com/en/emoji/%F0%9F%A4%AE
douyin,mapped_not_in_112,[æµæ±—],https://www.emojiall.com/images/60/douyin/1f613.png,ğŸ˜“downcast face with sweat,U+1F613 U+0064 U+006F U+0077 U+006E U+0063 U+0061 U+0073 U+0074 U+0020 U+0066 U+0061 U+0063 U+0065 U+0020 U+0077 U+0069 U+0074 U+0068 U+0020 U+0073 U+0077 U+0065 U+0061 U+0074,https://www.emojiall.com/en/emoji/%F0%9F%98%93
douyin,mapped_not_in_112,[æ‘¸å¤´],https://www.emojiall.com/images/60/douyin/1f60c.png,ğŸ˜Œrelieved face,U+1F60C U+0072 U+0065 U+006C U+0069 U+0065 U+0076 U+0065 U+0064 U+0020 U+0066 U+0061 U+0063 U+0065,https://www.emojiall.com/en/emoji/%F0%9F%98%8C
douyin,mapped_not_in_112,[çº¢è„¸],https://www.emojiall.com/images/60/douyin/1f633.png,ğŸ˜³flushed face,U+1F633 U+0066 U+006C U+0075 U+0073 U+0068 U+0065 U+0064 U+0020 U+0066 U+0061 U+0063 U+0065,https://www.emojiall.com/en/emoji/%F0%9F%98%B3
douyin,mapped_not_in_112,[å°¬ç¬‘],https://www.emojiall.com/images/60/douyin/1f605-new.png,ğŸ˜…grinning face with sweat,U+1F605 U+0067 U+0072 U+0069 U+006E U+006E U+0069 U+006E U+0067 U+0020 U+0066 U+0061 U+0063 U+0065 U+0020 U+0077 U+0069 U+0074 U+0068 U+0020 U+0073 U+0077 U+0065 U+0061 U+0074,https://www.emojiall.com/en/emoji/%F0%9F%98%85
douyin,mapped_not_in_112,[åšé¬¼è„¸],https://www.emojiall.com/images/60/douyin/1f61c.png,ğŸ˜œwinking face with tongue,U+1F61C U+0077 U+0069 U+006E U+006B U+0069 U+006E U+0067 U+0020 U+0066 U+0061 U+0063 U+0065 U+0020 U+0077 U+0069 U+0074 U+0068 U+0020 U+0074 U+006F U+006E U+0067 U+0075 U+0065,https://www.emojiall.com/en/emoji/%F0%9F%98%9C
douyin,mapped_not_in_112,[ç¡],https://www.emojiall.com/images/60/douyin/1f62a.png,ğŸ˜ªsleepy face,U+1F62A U+0073 U+006C U+0065 U+0065 U+0070 U+0079 U+0020 U+0066 U+0061 U+0063 U+0065,https://www.emojiall.com/en/emoji/%F0%9F%98%AA
douyin,mapped_not_in_112,[æƒŠå–œ],https://www.emojiall.com/images/60/douyin/1f929.png,ğŸ¤©star-struck,U+1F929 U+0073 U+0074 U+0061 U+0072 U+002D U+0073 U+0074 U+0072 U+0075 U+0063 U+006B,https://www.emojiall.com/en/emoji/%F0%9F%A4%A9
douyin,mapped_not_in_112,[æ•²æ‰“],https://www.emojiall.com/images/60/douyin/1f915-new.png,ğŸ¤•face with head-bandage,U+1F915 U+0066 U+0061 U+0063 U+0065 U+0020 U+0077 U+0069 U+0074 U+0068 U+0020 U+0068 U+0065 U+0061 U+0064 U+002D U+0062 U+0061 U+006E U+0064 U+0061 U+0067 U+0065,https://www.emojiall.com/en/emoji/%F0%9F%A4%95
douyin,mapped_not_in_112,[åå½©è™¹],https://www.emojiall.com/images/60/douyin/1f308.png,ğŸŒˆrainbow,U+1F308 U+0072 U+0061 U+0069 U+006E U+0062 U+006F U+0077,https://www.emojiall.com/en/emoji/%F0%9F%8C%88
douyin,mapped_not_in_112,[å¤§å“­],https://www.emojiall.com/images/60/douyin/1f62d.png,ğŸ˜­loudly crying face,U+1F62D U+006C U+006F U+0075 U+0064 U+006C U+0079 U+0020 U+0063 U+0072 U+0079 U+0069 U+006E U+0067 U+0020 U+0066 U+0061 U+0063 U+0065,https://www.emojiall.com/en/emoji/%F0%9F%98%AD
douyin,mapped_not_in_112,[æ¯”å¿ƒ],https://www.emojiall.com/images/60/douyin/1f91e.png,ğŸ¤crossed fingers,U+1F91E U+0063 U+0072 U+006F U+0073 U+0073 U+0065 U+0064 U+0020 U+0066 U+0069 U+006E U+0067 U+0065 U+0072 U+0073,https://www.emojiall.com/en/emoji/%F0%9F%A4%9E
douyin,mapped_not_in_112,[å¼ºå£®],https://www.emojiall.com/images/60/douyin/1f4aa.png,ğŸ’ªflexed biceps,U+1F4AA U+0066 U+006C U+0065 U+0078 U+0065 U+0064 U+0020 U+0062 U+0069 U+0063 U+0065 U+0070 U+0073,https://www.emojiall.com/en/emoji/%F0%9F%92%AA
douyin,mapped_not_in_112,[ç¢°æ‹³],https://www.emojiall.com/images/60/douyin/1f91b.png,ğŸ¤›left-facing fist,U+1F91B U+006C U+0065 U+0066 U+0074 U+002D U+0066 U+0061 U+0063 U+0069 U+006E U+0067 U+0020 U+0066 U+0069 U+0073 U+0074,https://www.emojiall.com/en/emoji/%F0%9F%A4%9B
douyin,mapped_not_in_112,[OK],https://www.emojiall.com/images/60/douyin/1f44c.png,ğŸ‘ŒOK hand,U+1F44C U+004F U+004B U+0020 U+0068 U+0061 U+006E U+0064,https://www.emojiall.com/en/emoji/%F0%9F%91%8C
bilibili,vendor_only,[å¾®ç¬‘],https://www.emojiall.com/images/60/bilibili/default001.png,,,
bilibili,vendor_only,[å“¦å‘¼],https://www.emojiall.com/images/60/bilibili/default005.png,,,
bilibili,vendor_only,[ç–‘æƒ‘],https://www.emojiall.com/images/60/bilibili/default012.png,,,
bilibili,vendor_only,[è¾£çœ¼ç›],https://www.emojiall.com/images/60/bilibili/default013.png,,,
bilibili,vendor_only,[å¥¸ç¬‘],https://www.emojiall.com/images/60/bilibili/default016.png,,,
bilibili,vendor_only,[é˜´é™©],https://www.emojiall.com/images/60/bilibili/default020.png,,,
bilibili,vendor_only,[å›§],https://www.emojiall.com/images/60/bilibili/default022.png,,,
bilibili,vendor_only,[æŠ é¼»],https://www.emojiall.com/images/60/bilibili/default024.png,,,
bilibili,vendor_only,[ç¬‘å“­],https://www.emojiall.com/images/60/bilibili/default027.png,,,
bilibili,vendor_only,[å¦™å•Š],https://www.emojiall.com/images/60/bilibili/default028.png,,,
bilibili,vendor_only,[æ»‘ç¨½],https://www.emojiall.com/images/60/bilibili/default030.png,,,
bilibili,vendor_only,[ç‚¹èµ],https://www.emojiall.com/images/60/bilibili/default033.png,,,
bilibili,vendor_only,[å°´å°¬],https://www.emojiall.com/images/60/bilibili/default036.png,,,
bilibili,vendor_only,[å‚²å¨‡],https://www.emojiall.com/images/60/bilibili/default040.png,,,
bilibili,vendor_only,[ç–¼],https://www.emojiall.com/images/60/bilibili/default041.png,,,
bilibili,vendor_only,[å¥‹æ–—],https://www.emojiall.com/images/60/bilibili/default051.png,,,
bilibili,vendor_only,[é”¦é²¤],https://www.emojiall.com/images/60/bilibili/default064.png,,,
bilibili,vendor_only,[æŠ±æ‹³],https://www.emojiall.com/images/60/bilibili/default068.png,,,
bilibili,vendor_only,[å“æŒ‡],https://www.emojiall.com/images/60/bilibili/default069.png,,,
bilibili,vendor_only,[é»‘æ´],https://www.emojiall.com/images/60/bilibili/default074.png,,,
bilibili,vendor_only,[2020],https://www.emojiall.com/images/60/bilibili/default076.png,,,
bilibili,vendor_only,[ç¦åˆ°äº†],https://www.emojiall.com/images/60/bilibili/default077.png,,,
bilibili,vendor_only,[é«˜å…´],https://www.emojiall.com/images/60/bilibili/default078.png,,,
bilibili,vendor_only,[æ°”æ„¤],https://www.emojiall.com/images/60/bilibili/default079.png,,,
bilibili,vendor_only,[è€å¸…],https://www.emojiall.com/images/60/bilibili/default080.png,,,
bilibili,mapped_not_in_112,[å‘²ç‰™],https://www.emojiall.com/images/60/bilibili/1f601.png,ğŸ˜beaming face with smiling eyes,U+1F601 U+0062 U+0065 U+0061 U+006D U+0069 U+006E U+0067 U+0020 U+0066 U+0061 U+0063 U+0065 U+0020 U+0077 U+0069 U+0074 U+0068 U+0020 U+0073 U+006D U+0069 U+006C U+0069 U+006E U+0067 U+0020 U+0065 U+0079 U+0065 U+0073,https://www.emojiall.com/en/emoji/%F0%9F%98%81
bilibili,mapped_not_in_112,[OK],https://www.emojiall.com/images/60/bilibili/1f44c.png,ğŸ‘ŒOK hand,U+1F44C U+004F U+004B U+0020 U+0068 U+0061 U+006E U+0064,https://www.emojiall.com/en/emoji/%F0%9F%91%8C
bilibili,mapped_not_in_112,[æ˜Ÿæ˜Ÿçœ¼],https://www.emojiall.com/images/60/bilibili/1f929.png,ğŸ¤©star-struck,U+1F929 U+0073 U+0074 U+0061 U+0072 U+002D U+0073 U+0074 U+0072 U+0075 U+0063 U+006B,https://www.emojiall.com/en/emoji/%F0%9F%A4%A9
bilibili,mapped_not_in_112,[æ­ªå˜´],https://www.emojiall.com/images/60/bilibili/1f60f.png,ğŸ˜smirking face,U+1F60F U+0073 U+006D U+0069 U+0072 U+006B U+0069 U+006E U+0067 U+0020 U+0066 U+0061 U+0063 U+0065,https://www.emojiall.com/en/emoji/%F0%9F%98%8F
bilibili,mapped_not_in_112,[å«Œå¼ƒ],https://www.emojiall.com/images/60/bilibili/1f612.png,ğŸ˜’unamused face,U+1F612 U+0075 U+006E U+0061 U+006D U+0075 U+0073 U+0065 U+0064 U+0020 U+0066 U+0061 U+0063 U+0065,https://www.emojiall.com/en/emoji/%F0%9F%98%92
bilibili,mapped_not_in_112,[å–œæ¬¢],https://www.emojiall.com/images/60/bilibili/1f60d.png,ğŸ˜smiling face with heart-eyes,U+1F60D U+0073 U+006D U+0069 U+006C U+0069 U+006E U+0067 U+0020 U+0066 U+0061 U+0063 U+0065 U+0020 U+0077 U+0069 U+0074 U+0068 U+0020 U+0068 U+0065 U+0061 U+0072 U+0074 U+002D U+0065 U+0079 U+0065 U+0073,https://www.emojiall.com/en/emoji/%F0%9F%98%8D
bilibili,mapped_not_in_112,[é…¸äº†],https://www.emojiall.com/images/60/bilibili/1f34b.png,ğŸ‹lemon,U+1F34B U+006C U+0065 U+006D U+006F U+006E,https://www.emojiall.com/en/emoji/%F0%9F%8D%8B
bilibili,mapped_not_in_112,[å¤§å“­],https://www.emojiall.com/images/60/bilibili/1f62d.png,ğŸ˜­loudly crying face,U+1F62D U+006C U+006F U+0075 U+0064 U+006C U+0079 U+0020 U+0063 U+0072 U+0079 U+0069 U+006E U+0067 U+0020 U+0066 U+0061 U+0063 U+0065,https://www.emojiall.com/en/emoji/%F0%9F%98%AD
bilibili,mapped_not_in_112,[å®³ç¾],https://www.emojiall.com/images/60/bilibili/1f60a.png,ğŸ˜Šsmiling face with smiling eyes,U+1F60A U+0073 U+006D U+0069 U+006C U+0069 U+006E U+0067 U+0020 U+0066 U+0061 U+0063 U+0065 U+0020 U+0077 U+0069 U+0074 U+0068 U+0020 U+0073 U+006D U+0069 U+006C U+0069 U+006E U+0067 U+0020 U+0065 U+0079 U+0065 U+0073,https://www.emojiall.com/en/emoji/%F0%9F%98%8A
bilibili,mapped_not_in_112,[è°ƒçš®],https://www.emojiall.com/images/60/bilibili/1f61b.png,ğŸ˜›face with tongue,U+1F61B U+0066 U+0061 U+0063 U+0065 U+0020 U+0077 U+0069 U+0074 U+0068 U+0020 U+0074 U+006F U+006E U+0067 U+0075 U+0065,https://www.emojiall.com/en/emoji/%F0%9F%98%9B
bilibili,mapped_not_in_112,[å–œæè€Œæ³£],https://www.emojiall.com/images/60/bilibili/1f602.png,ğŸ˜‚face with tears of joy,U+1F602 U+0066 U+0061 U+0063 U+0065 U+0020 U+0077 U+0069 U+0074 U+0068 U+0020 U+0074 U+0065 U+0061 U+0072 U+0073 U+0020 U+006F U+0066 U+0020 U+006A U+006F U+0079,https://www.emojiall.com/en/emoji/%F0%9F%98%82
bilibili,mapped_not_in_112,[ç¬‘],https://www.emojiall.com/images/60/bilibili/1f642.png,ğŸ™‚slightly smiling face,U+1F642 U+0073 U+006C U+0069 U+0067 U+0068 U+0074 U+006C U+0079 U+0020 U+0073 U+006D U+0069 U+006C U+0069 U+006E U+0067 U+0020 U+0066 U+0061 U+0063 U+0065,https://www.emojiall.com/en/emoji/%F0%9F%99%82
bilibili,mapped_not_in_112,[å·ç¬‘],https://www.emojiall.com/images/60/bilibili/1f92d.png,ğŸ¤­face with hand over mouth,U+1F92D U+0066 U+0061 U+0063 U+0065 U+0020 U+0077 U+0069 U+0074 U+0068 U+0020 U+0068 U+0061 U+006E U+0064 U+0020 U+006F U+0076 U+0065 U+0072 U+0020 U+006D U+006F U+0075 U+0074 U+0068,https://www.emojiall.com/en/emoji/%F0%9F%A4%AD
bilibili,mapped_not_in_112,[å¤§ç¬‘],https://www.emojiall.com/images/60/bilibili/1f604.png,ğŸ˜„grinning face with smiling eyes,U+1F604 U+0067 U+0072 U+0069 U+006E U+006E U+0069 U+006E U+0067 U+0020 U+0066 U+0061 U+0063 U+0065 U+0020 U+0077 U+0069 U+0074 U+0068 U+0020 U+0073 U+006D U+0069 U+006C U+0069 U+006E U+0067 U+0020 U+0065 U+0079 U+0065 U+0073,https://www.emojiall.com/en/emoji/%F0%9F%98%84
bilibili,mapped_not_in_112,[æ‚è„¸],https://www.emojiall.com/images/60/bilibili/1f926.png,ğŸ¤¦person facepalming,U+1F926 U+0070 U+0065 U+0072 U+0073 U+006F U+006E U+0020 U+0066 U+0061 U+0063 U+0065 U+0070 U+0061 U+006C U+006D U+0069 U+006E U+0067,https://www.emojiall.com/en/emoji/%F0%9F%A4%A6
bilibili,mapped_not_in_112,[å‘†],https://www.emojiall.com/images/60/bilibili/1f633.png,ğŸ˜³flushed face,U+1F633 U+0066 U+006C U+0075 U+0073 U+0068 U+0065 U+0064 U+0020 U+0066 U+0061 U+0063 U+0065,https://www.emojiall.com/en/emoji/%F0%9F%98%B3
bilibili,mapped_not_in_112,[æƒŠå–œ],https://www.emojiall.com/images/60/bilibili/1f61d.png,ğŸ˜squinting face with tongue,U+1F61D U+0073 U+0071 U+0075 U+0069 U+006E U+0074 U+0069 U+006E U+0067 U+0020 U+0066 U+0061 U+0063 U+0065 U+0020 U+0077 U+0069 U+0074 U+0068 U+0020 U+0074 U+006F U+006E U+0067 U+0075 U+0065,https://www.emojiall.com/en/emoji/%F0%9F%98%9D
bilibili,mapped_not_in_112,[æƒŠè®¶],https://www.emojiall.com/images/60/bilibili/1f632.png,ğŸ˜²astonished face,U+1F632 U+0061 U+0073 U+0074 U+006F U+006E U+0069 U+0073 U+0068 U+0065 U+0064 U+0020 U+0066 U+0061 U+0063 U+0065,https://www.emojiall.com/en/emoji/%F0%9F%98%B2
bilibili,mapped_not_in_112,[doge],https://www.emojiall.com/images/60/bilibili/1f436.png,ğŸ¶dog face,U+1F436 U+0064 U+006F U+0067 U+0020 U+0066 U+0061 U+0063 U+0065,https://www.emojiall.com/en/emoji/%F0%9F%90%B6
bilibili,mapped_not_in_112,[åƒç“œ],https://www.emojiall.com/images/60/bilibili/1f349.png,ğŸ‰watermelon,U+1F349 U+0077 U+0061 U+0074 U+0065 U+0072 U+006D U+0065 U+006C U+006F U+006E,https://www.emojiall.com/en/emoji/%F0%9F%8D%89
bilibili,mapped_not_in_112,[æ‰“call],https://www.emojiall.com/images/60/bilibili/1f64c.png,ğŸ™Œraising hands,U+1F64C U+0072 U+0061 U+0069 U+0073 U+0069 U+006E U+0067 U+0020 U+0068 U+0061 U+006E U+0064 U+0073,https://www.emojiall.com/en/emoji/%F0%9F%99%8C
bilibili,mapped_not_in_112,[é¼“æŒ],https://www.emojiall.com/images/60/bilibili/1f44f.png,ğŸ‘clapping hands,U+1F44F U+0063 U+006C U+0061 U+0070 U+0070 U+0069 U+006E U+0067 U+0020 U+0068 U+0061 U+006E U+0064 U+0073,https://www.emojiall.com/en/emoji/%F0%9F%91%8F
bilibili,mapped_not_in_112,[æ— è¯­],https://www.emojiall.com/images/60/bilibili/1f611.png,ğŸ˜‘expressionless face,U+1F611 U+0065 U+0078 U+0070 U+0072 U+0065 U+0073 U+0073 U+0069 U+006F U+006E U+006C U+0065 U+0073 U+0073 U+0020 U+0066 U+0061 U+0063 U+0065,https://www.emojiall.com/en/emoji/%F0%9F%98%91
bilibili,mapped_not_in_112,[å†·],https://www.emojiall.com/images/60/bilibili/1f976.png,ğŸ¥¶cold face,U+1F976 U+0063 U+006F U+006C U+0064 U+0020 U+0066 U+0061 U+0063 U+0065,https://www.emojiall.com/en/emoji/%F0%9F%A5%B6
bilibili,mapped_not_in_112,[çµé­‚å‡ºçª],https://www.emojiall.com/images/60/bilibili/1f47b.png,ğŸ‘»ghost,U+1F47B U+0067 U+0068 U+006F U+0073 U+0074,https://www.emojiall.com/en/emoji/%F0%9F%91%BB
bilibili,mapped_not_in_112,[å§”å±ˆ],https://www.emojiall.com/images/60/bilibili/1f622.png,ğŸ˜¢crying face,U+1F622 U+0063 U+0072 U+0079 U+0069 U+006E U+0067 U+0020 U+0066 U+0061 U+0063 U+0065,https://www.emojiall.com/en/emoji/%F0%9F%98%A2
bilibili,mapped_not_in_112,[å“],https://www.emojiall.com/images/60/bilibili/1f631.png,ğŸ˜±face screaming in fear,U+1F631 U+0066 U+0061 U+0063 U+0065 U+0020 U+0073 U+0063 U+0072 U+0065 U+0061 U+006D U+0069 U+006E U+0067 U+0020 U+0069 U+006E U+0020 U+0066 U+0065 U+0061 U+0072,https://www.emojiall.com/en/emoji/%F0%9F%98%B1
bilibili,mapped_not_in_112,[ç”Ÿç—…],https://www.emojiall.com/images/60/bilibili/1f912.png,ğŸ¤’face with thermometer,U+1F912 U+0066 U+0061 U+0063 U+0065 U+0020 U+0077 U+0069 U+0074 U+0068 U+0020 U+0074 U+0068 U+0065 U+0072 U+006D U+006F U+006D U+0065 U+0074 U+0065 U+0072,https://www.emojiall.com/en/emoji/%F0%9F%A4%92
bilibili,mapped_not_in_112,[å],https://www.emojiall.com/images/60/bilibili/1f92e.png,ğŸ¤®face vomiting,U+1F92E U+0066 U+0061 U+0063 U+0065 U+0020 U+0076 U+006F U+006D U+0069 U+0074 U+0069 U+006E U+0067,https://www.emojiall.com/en/emoji/%F0%9F%A4%AE
bilibili,mapped_not_in_112,[å˜˜å£°],https://www.emojiall.com/images/60/bilibili/1f92b.png,ğŸ¤«shushing face,U+1F92B U+0073 U+0068 U+0075 U+0073 U+0068 U+0069 U+006E U+0067 U+0020 U+0066 U+0061 U+0063 U+0065,https://www.emojiall.com/en/emoji/%F0%9F%A4%AB
bilibili,mapped_not_in_112,[æ‚çœ¼],https://www.emojiall.com/images/60/bilibili/1f648.png,ğŸ™ˆsee-no-evil monkey,U+1F648 U+0073 U+0065 U+0065 U+002D U+006E U+006F U+002D U+0065 U+0076 U+0069 U+006C U+0020 U+006D U+006F U+006E U+006B U+0065 U+0079,https://www.emojiall.com/en/emoji/%F0%9F%99%88
bilibili,mapped_not_in_112,[æ€è€ƒ],https://www.emojiall.com/images/60/bilibili/1f914.png,ğŸ¤”thinking face,U+1F914 U+0074 U+0068 U+0069 U+006E U+006B U+0069 U+006E U+0067 U+0020 U+0066 U+0061 U+0063 U+0065,https://www.emojiall.com/en/emoji/%F0%9F%A4%94
bilibili,mapped_not_in_112,[å†è§],https://www.emojiall.com/images/60/bilibili/1f44b.png,ğŸ‘‹waving hand,U+1F44B U+0077 U+0061 U+0076 U+0069 U+006E U+0067 U+0020 U+0068 U+0061 U+006E U+0064,https://www.emojiall.com/en/emoji/%F0%9F%91%8B
bilibili,mapped_not_in_112,[ç¿»ç™½çœ¼],https://www.emojiall.com/images/60/bilibili/1f644.png,ğŸ™„face with rolling eyes,U+1F644 U+0066 U+0061 U+0063 U+0065 U+0020 U+0077 U+0069 U+0074 U+0068 U+0020 U+0072 U+006F U+006C U+006C U+0069 U+006E U+0067 U+0020 U+0065 U+0079 U+0065 U+0073,https://www.emojiall.com/en/emoji/%F0%9F%99%84
bilibili,mapped_not_in_112,[å“ˆæ¬ ],https://www.emojiall.com/images/60/bilibili/1f971.png,ğŸ¥±yawning face,U+1F971 U+0079 U+0061 U+0077 U+006E U+0069 U+006E U+0067 U+0020 U+0066 U+0061 U+0063 U+0065,https://www.emojiall.com/en/emoji/%F0%9F%A5%B1
bilibili,mapped_not_in_112,[å¢¨é•œ],https://www.emojiall.com/images/60/bilibili/1f60e.png,ğŸ˜smiling face with sunglasses,U+1F60E U+0073 U+006D U+0069 U+006C U+0069 U+006E U+0067 U+0020 U+0066 U+0061 U+0063 U+0065 U+0020 U+0077 U+0069 U+0074 U+0068 U+0020 U+0073 U+0075 U+006E U+0067 U+006C U+0061 U+0073 U+0073 U+0065 U+0073,https://www.emojiall.com/en/emoji/%F0%9F%98%8E
bilibili,mapped_not_in_112,[éš¾è¿‡],https://www.emojiall.com/images/60/bilibili/1f641.png,ğŸ™slightly frowning face,U+1F641 U+0073 U+006C U+0069 U+0067 U+0068 U+0074 U+006C U+0079 U+0020 U+0066 U+0072 U+006F U+0077 U+006E U+0069 U+006E U+0067 U+0020 U+0066 U+0061 U+0063 U+0065,https://www.emojiall.com/en/emoji/%F0%9F%99%81
bilibili,mapped_not_in_112,[æ’‡å˜´],https://www.emojiall.com/images/60/bilibili/1f61f.png,ğŸ˜Ÿworried face,U+1F61F U+0077 U+006F U+0072 U+0072 U+0069 U+0065 U+0064 U+0020 U+0066 U+0061 U+0063 U+0065,https://www.emojiall.com/en/emoji/%F0%9F%98%9F
bilibili,mapped_not_in_112,[æŠ“ç‹‚],https://www.emojiall.com/images/60/bilibili/1f62b.png,ğŸ˜«tired face,U+1F62B U+0074 U+0069 U+0072 U+0065 U+0064 U+0020 U+0066 U+0061 U+0063 U+0065,https://www.emojiall.com/en/emoji/%F0%9F%98%AB
bilibili,mapped_not_in_112,[ç”Ÿæ°”],https://www.emojiall.com/images/60/bilibili/1f621.png,ğŸ˜¡enraged face,U+1F621 U+0065 U+006E U+0072 U+0061 U+0067 U+0065 U+0064 U+0020 U+0066 U+0061 U+0063 U+0065,https://www.emojiall.com/en/emoji/%F0%9F%98%A1
bilibili,mapped_not_in_112,[å£ç½©],https://www.emojiall.com/images/60/bilibili/1f637.png,ğŸ˜·face with medical mask,U+1F637 U+0066 U+0061 U+0063 U+0065 U+0020 U+0077 U+0069 U+0074 U+0068 U+0020 U+006D U+0065 U+0064 U+0069 U+0063 U+0061 U+006C U+0020 U+006D U+0061 U+0073 U+006B,https://www.emojiall.com/en/emoji/%F0%9F%98%B7
bilibili,mapped_not_in_112,[æœˆé¥¼],https://www.emojiall.com/images/60/bilibili/1f96e.png,ğŸ¥®moon cake,U+1F96E U+006D U+006F U+006F U+006E U+0020 U+0063 U+0061 U+006B U+0065,https://www.emojiall.com/en/emoji/%F0%9F%A5%AE
bilibili,mapped_not_in_112,[è§†é¢‘å«æ˜Ÿ],https://www.emojiall.com/images/60/bilibili/1f6f0.png,ğŸ›°satellite,U+1F6F0 U+0073 U+0061 U+0074 U+0065 U+006C U+006C U+0069 U+0074 U+0065,https://www.emojiall.com/en/emoji/%F0%9F%9B%B0
bilibili,mapped_not_in_112,[11å‘¨å¹´],https://www.emojiall.com/images/60/bilibili/1f4fa.png,ğŸ“ºtelevision,U+1F4FA U+0074 U+0065 U+006C U+0065 U+0076 U+0069 U+0073 U+0069 U+006F U+006E,https://www.emojiall.com/en/emoji/%F0%9F%93%BA
bilibili,mapped_not_in_112,[é¸¡è…¿],https://www.emojiall.com/images/60/bilibili/1f357.png,ğŸ—poultry leg,U+1F357 U+0070 U+006F U+0075 U+006C U+0074 U+0072 U+0079 U+0020 U+006C U+0065 U+0067,https://www.emojiall.com/en/emoji/%F0%9F%8D%97
bilibili,mapped_not_in_112,[å¹²æ¯],https://www.emojiall.com/images/60/bilibili/1f37b.png,ğŸ»clinking beer mugs,U+1F37B U+0063 U+006C U+0069 U+006E U+006B U+0069 U+006E U+0067 U+0020 U+0062 U+0065 U+0065 U+0072 U+0020 U+006D U+0075 U+0067 U+0073,https://www.emojiall.com/en/emoji/%F0%9F%8D%BB
bilibili,mapped_not_in_112,[çˆ±å¿ƒ],https://www.emojiall.com/images/60/bilibili/2764.png,â¤red heart,U+2764 U+0072 U+0065 U+0064 U+0020 U+0068 U+0065 U+0061 U+0072 U+0074,https://www.emojiall.com/en/emoji/%E2%9D%A4
bilibili,mapped_not_in_112,[èƒœåˆ©],https://www.emojiall.com/images/60/bilibili/270c.png,âœŒvictory hand,U+270C U+0076 U+0069 U+0063 U+0074 U+006F U+0072 U+0079 U+0020 U+0068 U+0061 U+006E U+0064,https://www.emojiall.com/en/emoji/%E2%9C%8C
bilibili,mapped_not_in_112,[åŠ æ²¹],https://www.emojiall.com/images/60/bilibili/1f4aa.png,ğŸ’ªflexed biceps,U+1F4AA U+0066 U+006C U+0065 U+0078 U+0065 U+0064 U+0020 U+0062 U+0069 U+0063 U+0065 U+0070 U+0073,https://www.emojiall.com/en/emoji/%F0%9F%92%AA
bilibili,mapped_not_in_112,[ä¿ä½‘],https://www.emojiall.com/images/60/bilibili/1f64f.png,ğŸ™folded hands,U+1F64F U+0066 U+006F U+006C U+0064 U+0065 U+0064 U+0020 U+0068 U+0061 U+006E U+0064 U+0073,https://www.emojiall.com/en/emoji/%F0%9F%99%8F
bilibili,mapped_not_in_112,[æ”¯æŒ],https://www.emojiall.com/images/60/bilibili/1f44d.png,ğŸ‘thumbs up,U+1F44D U+0074 U+0068 U+0075 U+006D U+0062 U+0073 U+0020 U+0075 U+0070,https://www.emojiall.com/en/emoji/%F0%9F%91%8D
bilibili,mapped_not_in_112,[æ‹¥æŠ±],https://www.emojiall.com/images/60/bilibili/1fac2.png,ğŸ«‚people hugging,U+1FAC2 U+0070 U+0065 U+006F U+0070 U+006C U+0065 U+0020 U+0068 U+0075 U+0067 U+0067 U+0069 U+006E U+0067,https://www.emojiall.com/en/emoji/%F0%9F%AB%82
bilibili,mapped_not_in_112,[æ€ªæˆ‘å’¯],https://www.emojiall.com/images/60/bilibili/1f937-200d-2640-fe0f.png,ğŸ¤·â€â™€ï¸woman shrugging,U+1F937 U+200D U+2640 U+FE0F U+0077 U+006F U+006D U+0061 U+006E U+0020 U+0073 U+0068 U+0072 U+0075 U+0067 U+0067 U+0069 U+006E U+0067,https://www.emojiall.com/en/emoji/%F0%9F%A4%B7%E2%80%8D%E2%99%80%EF%B8%8F
bilibili,mapped_not_in_112,[è·ªäº†],https://www.emojiall.com/images/60/bilibili/1f9ce.png,ğŸ§person kneeling,U+1F9CE U+0070 U+0065 U+0072 U+0073 U+006F U+006E U+0020 U+006B U+006E U+0065 U+0065 U+006C U+0069 U+006E U+0067,https://www.emojiall.com/en/emoji/%F0%9F%A7%8E
bilibili,mapped_not_in_112,[è€é¼ ],https://www.emojiall.com/images/60/bilibili/1f439.png,ğŸ¹hamster,U+1F439 U+0068 U+0061 U+006D U+0073 U+0074 U+0065 U+0072,https://www.emojiall.com/en/emoji/%F0%9F%90%B9
