bvid,emoji_alt,emoji_name,message,sentence,mid,uname,ctime_iso
BV1es411D7sW,[打call],打call,[打call],[打call],457082756,卧底永仁,2025-11-20T18:52:16+00:00
BV1es411D7sW,[星星眼],星星眼,啊b站真的人才啊这歌出这呢[星星眼][星星眼],啊b站真的人才啊这歌出这呢[星星眼][星星眼],652585259,逆而战之,2025-11-19T16:04:25+00:00
BV1es411D7sW,[思考],思考,十年了啊[思考],十年了啊[思考],3494356092717104,叁零叁号病人,2025-11-11T12:35:35+00:00
BV1es411D7sW,[打call],打call,5100w播放量贺喜[打call],5100w播放量贺喜[打call],1588394259,阿鲁克Lorentz,2025-11-09T01:20:57+00:00
BV1es411D7sW,[doge],doge,出个areyouok十周年版[doge],出个areyouok十周年版[doge],145596406,LR小北北,2025-11-08T11:26:27+00:00
BV1es411D7sW,[doge],doge,[doge],[doge],2128007774,Steven_CS,2025-11-10T12:38:16+00:00
BV1es411D7sW,[笑哭],笑哭,十年了[笑哭],十年了[笑哭],2079097981,凌谦呀,2025-11-04T02:48:26+00:00
BV1es411D7sW,[吃瓜],吃瓜,https://b23.tv/BV1KqyUBtEvR [吃瓜],https://b23.tv/BV1KqyUBtEvR [吃瓜],490603735,无敌小卡哇_Misaka,2025-10-31T12:43:00+00:00
BV1es411D7sW,[星星眼],星星眼,[星星眼],[星星眼],18878490,東山翔,2025-10-30T13:11:28+00:00
BV1es411D7sW,[笑哭],笑哭,曾经小米手机设置里能直接把这个设为铃声，用了好久，最近突然发现我们科长铃声换成这个了[笑哭],曾经小米手机设置里能直接把这个设为铃声，用了好久，最近突然发现我们科长铃声换成这个了[笑哭],27534740,薇鹅莉特・伊芙加登,2025-10-29T14:47:31+00:00
BV1es411D7sW,[喜极而泣],喜极而泣,那140w人真的会常听吗[喜极而泣]up主也算有头有脸的制作人了,那140w人真的会常听吗[喜极而泣]up主也算有头有脸的制作人了,487761200,武祀舞肆,2025-10-28T16:49:52+00:00
BV1es411D7sW,[哦呼],哦呼,我天十年了[哦呼],我天十年了[哦呼],1574740598,达达鸭的腿环,2025-10-25T16:43:48+00:00
BV1es411D7sW,[笑哭],笑哭,屠龙的少年终将成魔吗？有点易死了[笑哭],屠龙的少年终将成魔吗？有点易死了[笑哭],525388332,嘿嘿了些,2025-10-25T10:50:30+00:00
BV1es411D7sW,[思考],思考,我是来考古的，这里应该没有人了吧？那我就，大挖特挖[思考],我是来考古的，这里应该没有人了吧？那我就，大挖特挖[思考],3546957316360269,也许我是一个侦测器,2025-10-25T08:09:33+00:00
BV1es411D7sW,[笑哭],笑哭,十年多了[笑哭],十年多了[笑哭],17302813,如苏如我,2025-10-23T11:11:18+00:00
BV1es411D7sW,[笑哭],笑哭,没绷住，小米这两年销量是others，vivo第一华为第二[笑哭],没绷住，小米这两年销量是others，vivo第一华为第二[笑哭],428242375,铀少爷铀糖,2025-10-23T01:56:26+00:00
BV1es411D7sW,[思考],思考,有希望破亿吗[思考],有希望破亿吗[思考],1111553293,永远不得鼻窦炎吆,2025-10-20T12:59:46+00:00
BV1es411D7sW,[笑哭],笑哭,回复 @37753666 :不对，要是当时小米有现在这种法务绝对会起诉的[笑哭],回复 @37753666 :不对，要是当时小米有现在这种法务绝对会起诉的[笑哭],3493080967678589,-----_____-_,2025-11-02T04:37:11+00:00
BV1es411D7sW,[吃瓜],吃瓜,因为小米火了（等离子态）[吃瓜],因为小米火了（等离子态）[吃瓜],2076618809,哈基林林林,2025-10-21T14:07:35+00:00
BV1es411D7sW,[doge],doge,来考古了[doge],来考古了[doge],690832427,AAA律师成步堂,2025-10-18T12:00:29+00:00
BV1es411D7sW,[灵魂出窍],灵魂出窍,"Find, 已经成灰[灵魂出窍]","Find, 已经成灰[灵魂出窍]",294931486,又是成长快乐的一天,2025-10-18T04:59:32+00:00
BV1es411D7sW,[doge],doge,@魇胜丶 又怕雷总破产，又怕雷总开路虎[doge],@魇胜丶 又怕雷总破产，又怕雷总开路虎[doge],1864754065,有些人急了_哈哈,2025-10-17T01:23:41+00:00
BV1es411D7sW,[doge],doge,[doge][妙啊][嗑瓜子],[doge][妙啊][嗑瓜子],593175457,AZ风宇极客,2025-10-17T10:40:26+00:00
BV1es411D7sW,[doge],doge,考古[doge],考古[doge],18573709,QetoX999,2025-10-16T06:35:17+00:00
BV1es411D7sW,[doge],doge,常看常新，常看常新啊[doge],常看常新，常看常新啊[doge],337974084,借雨梦云,2025-10-15T11:24:07+00:00
BV1es411D7sW,[难过],难过,人是会变的[难过],人是会变的[难过],1924583687,Vinger-齐天大圣-水饺喵,2025-10-14T22:58:54+00:00
BV1es411D7sW,[微笑],微笑,回复 @TwinkYou :说的有道理[微笑],回复 @TwinkYou :说的有道理[微笑],1924583687,Vinger-齐天大圣-水饺喵,2025-10-16T22:46:33+00:00
BV1es411D7sW,[OK],OK,十年前的视频，没有比我更晚的了[OK],十年前的视频，没有比我更晚的了[OK],3546674028874005,CTD争渡,2025-10-14T15:30:58+00:00
BV1es411D7sW,[滑稽],滑稽,年年看，年年新[滑稽],年年看，年年新[滑稽],397049993,武大日本留学生雨田君,2025-10-14T10:14:20+00:00
BV1es411D7sW,[惊讶],惊讶,"等等,这竟然是2015年的作品吗！[惊讶][惊讶][惊讶]","等等,这竟然是2015年的作品吗！[惊讶][惊讶][惊讶]",1961296642,每日拌饭海苔珍虾味,2025-10-12T11:33:02+00:00
BV1es411D7sW,[星星眼],星星眼,[星星眼],[星星眼],3546386584832260,黑白阴阳师异界游,2025-10-13T04:06:46+00:00
BV1es411D7sW,[吃瓜],吃瓜,[吃瓜],[吃瓜],860,散兵,2025-10-12T10:10:23+00:00
BV1es411D7sW,[doge],doge,有的有的，每日一遍[doge],有的有的，每日一遍[doge],3493116917058013,皮卡丘魁,2025-10-09T13:07:11+00:00
BV1es411D7sW,[doge],doge,16年收藏的来考古（@小米公司 咋把官方发的RUOK删了啊[doge]）,16年收藏的来考古（@小米公司 咋把官方发的RUOK删了啊[doge]）,93411143,InternetLJC,2025-10-05T15:33:10+00:00
BV1es411D7sW,[支持],支持,天呐竟然已经十年了吗[支持],天呐竟然已经十年了吗[支持],3494380025416060,秋天komorebi,2025-10-04T18:44:08+00:00
BV1es411D7sW,[doge],doge,@玉鼎-真人 Are you ok[doge],@玉鼎-真人 Are you ok[doge],3546937825429777,流水如一,2025-10-04T06:14:18+00:00
BV1es411D7sW,[doge],doge,[doge]你吃啊,[doge]你吃啊,319537793,凯虹你好,2025-10-05T09:25:34+00:00
BV1es411D7sW,[笑哭],笑哭,byd 必备节目[笑哭],byd 必备节目[笑哭],3546635590174921,比列叭叭吧瘪嘎,2025-10-07T06:24:06+00:00
BV1es411D7sW,[打call],打call,跟着杰哥回来重温[打call][星星眼][星星眼],跟着杰哥回来重温[打call][星星眼][星星眼],1791279642,goinsanealone,2025-10-02T15:52:10+00:00
BV1es411D7sW,[笑哭],笑哭,莫名其妙[笑哭],莫名其妙[笑哭],3546964146785008,在下sinianya,2025-10-04T15:20:13+00:00
BV1es411D7sW,[笑哭],笑哭,这个视频甚至给苹果手机适配了音乐反馈震动[笑哭],这个视频甚至给苹果手机适配了音乐反馈震动[笑哭],244043671,casualvoid,2025-10-01T23:17:05+00:00
BV1es411D7sW,[doge],doge,2025考古[doge],2025考古[doge],1270329467,一架愣在原地的A330,2025-10-01T04:44:48+00:00
BV1es411D7sW,[星星眼],星星眼,从这个时候就开始营销了呀[星星眼],从这个时候就开始营销了呀[星星眼],87314967,zangeking,2025-09-29T21:23:35+00:00
BV1es411D7sW,[笑哭],笑哭,10年前up应该纯属兴趣使然，你也是使用阴阳怪气作为武器来大肆宣扬自己的无知吗[笑哭],10年前up应该纯属兴趣使然，你也是使用阴阳怪气作为武器来大肆宣扬自己的无知吗[笑哭],6772468,dengye_,2025-09-30T18:49:08+00:00
BV1es411D7sW,[滑稽],滑稽,考古[滑稽],考古[滑稽],2068358127,5768zzzs,2025-09-28T12:48:45+00:00
BV1es411D7sW,[doge],doge,问小爱同学雷军怎么叫就会自动播放这首歌[doge],问小爱同学雷军怎么叫就会自动播放这首歌[doge],442679611,好顺滑,2025-09-26T16:19:49+00:00
BV1es411D7sW,[doge],doge,雷军出道十周年，有多少人是因为这个视频知道的雷军[doge],雷军出道十周年，有多少人是因为这个视频知道的雷军[doge],430792221,哦WC战术镭射,2025-09-24T14:20:32+00:00
BV1es411D7sW,[呲牙],呲牙,考古哈哈，我们大学课本上也记载了[呲牙],考古哈哈，我们大学课本上也记载了[呲牙],449165468,何献卿,2025-09-24T11:38:14+00:00
BV1es411D7sW,[墨镜],墨镜,祝贺雷军出道10周年（）[墨镜][墨镜][墨镜],祝贺雷军出道10周年（）[墨镜][墨镜][墨镜],483945979,你猜我是不是小黑zhi,2025-09-22T18:07:58+00:00
BV1es411D7sW,[笑哭],笑哭,这个作者全网欠他十亿流量[笑哭],这个作者全网欠他十亿流量[笑哭],3546793270839320,无名亦是有名焉,2025-09-20T16:50:21+00:00
BV1es411D7sW,[打call],打call,又是十年考古[打call],又是十年考古[打call],3546707478448408,xx0068,2025-09-20T11:35:51+00:00
BV1es411D7sW,[doge],doge,怎么现在都还有人[笑哭][doge],怎么现在都还有人[笑哭][doge],401784643,好事终了孽海花,2025-09-19T13:52:50+00:00
BV1es411D7sW,[哦呼],哦呼,[哦呼],[哦呼],3546844751727146,无聊的mc,2025-09-18T10:36:54+00:00
BV1es411D7sW,[笑哭],笑哭,在小米汽车上问小爱同学雷军怎么叫会回这首歌[笑哭],在小米汽车上问小爱同学雷军怎么叫会回这首歌[笑哭],1671826571,陵山鱼鸣,2025-09-17T20:13:02+00:00
BV1es411D7sW,[滑稽],滑稽,[滑稽],[滑稽],26630980,風小澤,2025-09-17T16:19:38+00:00
BV1es411D7sW,[打call],打call,2025打卡[打call],2025打卡[打call],2005330423,Aurora_2077,2025-09-16T08:23:36+00:00
BV1es411D7sW,[哦呼],哦呼,10周年了[哦呼],10周年了[哦呼],1506928963,我居然声控一只水怪,2025-09-15T12:40:21+00:00
BV1es411D7sW,[doge],doge,有25年的兄弟吗[脱单doge][doge][doge_金箍],有25年的兄弟吗[脱单doge][doge][doge_金箍],336069737,我不玩海岛奇兵,2025-09-14T14:24:40+00:00
BV1es411D7sW,[抱拳],抱拳,十年了我才知道这是发言剪出来的鬼畜啊，我一直以为是首单曲！up主神人[抱拳],十年了我才知道这是发言剪出来的鬼畜啊，我一直以为是首单曲！up主神人[抱拳],49274244,九罐肉嵩,2025-09-13T10:43:14+00:00
BV1es411D7sW,[星星眼],星星眼,[星星眼],[星星眼],3537120541018245,饿了烤土豆和蛋挞,2025-09-12T20:42:11+00:00
BV1es411D7sW,[doge],doge,原曲是什么[doge],原曲是什么[doge],1720656079,游木斯,2025-09-08T16:12:09+00:00
BV1es411D7sW,[星星眼],星星眼,来考古了[星星眼][星星眼],来考古了[星星眼][星星眼],524591034,乔又木,2025-09-08T03:21:21+00:00
BV1es411D7sW,[笑哭],笑哭,好多早期听过的现在才看见本尊[笑哭],好多早期听过的现在才看见本尊[笑哭],3461575425919939,染色甲基绿,2025-09-06T19:56:50+00:00
BV1es411D7sW,[笑哭],笑哭,10年了[笑哭],10年了[笑哭],3546628824762899,刺客无敌好吧,2025-09-06T14:14:27+00:00
BV1es411D7sW,[笑哭],笑哭,每次看都有人和我一起[笑哭][脱单doge],每次看都有人和我一起[笑哭][脱单doge],3493088905398621,哦谢特___,2025-09-05T03:22:47+00:00
BV1es411D7sW,[笑哭],笑哭,十年了[笑哭][笑哭][笑哭],十年了[笑哭][笑哭][笑哭],1580491043,蔷薇给了你,2025-09-02T11:45:17+00:00
BV1es411D7sW,[笑哭],笑哭,居然十年了[笑哭],居然十年了[笑哭],26035705,安迪机长,2025-09-02T09:01:48+00:00
BV1es411D7sW,[酸了],酸了,10年了吗[酸了],10年了吗[酸了],1140296219,浅夏淅沥小雨,2025-09-01T14:05:25+00:00
BV1es411D7sW,[doge],doge,考古[doge],考古[doge],3546893839764003,可靠の芝,2025-09-01T08:52:50+00:00
BV1es411D7sW,[doge],doge,考古 那时我才上一年级[doge],考古 那时我才上一年级[doge],3493277858793641,ドナナ,2025-08-31T10:12:08+00:00
BV1es411D7sW,[doge],doge,这里竟然有活人，逆天[doge],这里竟然有活人，逆天[doge],3546713182702496,学名鸦乌,2025-08-31T10:53:50+00:00
BV1es411D7sW,[doge],doge,回复 @wwy-qiqi :对，山东临沂[doge],回复 @wwy-qiqi :对，山东临沂[doge],3493277858793641,ドナナ,2025-09-19T13:22:00+00:00
BV1es411D7sW,[doge],doge,@简单的一只羊 @盒子夢想家 @钢制550C @小黑石子 @zioaaa6 @百威诺葡萄酒 @我的世界小申 @MobileCard9731 [doge][doge][doge][doge][doge][doge][doge][doge][doge][doge][doge]大家看的开心就看[doge_金箍][doge_金箍][doge_金箍],@简单的一只羊 @盒子夢想家 @钢制550C @小黑石子 @zioaaa6 @百威诺葡萄酒 @我的世界小申 @MobileCard9731 [doge][doge][doge][doge][doge][doge][doge][doge][doge][doge][doge]大家看的开心就看[doge_金箍][doge_金箍][doge_金箍],3546844751727146,无聊的mc,2025-08-30T14:33:33+00:00
BV1es411D7sW,[呲牙],呲牙,回复 @树叶ASz :前面学习有点忙，来晚了[呲牙],回复 @树叶ASz :前面学习有点忙，来晚了[呲牙],3546626899577292,小黑石子,2025-09-05T09:47:04+00:00
BV1es411D7sW,[吃瓜],吃瓜,10年啦，当年还是个毛都没长齐的小子[吃瓜],10年啦，当年还是个毛都没长齐的小子[吃瓜],1509989956,穿着19星空仰望星空,2025-08-30T13:17:47+00:00
BV1es411D7sW,[doge],doge,现在齐了？[doge],现在齐了？[doge],20115306,案源的金阔刀,2025-08-31T06:20:22+00:00
BV1es411D7sW,[歪嘴],歪嘴,10年了！前来考古[歪嘴],10年了！前来考古[歪嘴],3493277858793641,ドナナ,2025-08-30T09:06:07+00:00
BV1es411D7sW,[doge],doge,诬告案时代考古[doge],诬告案时代考古[doge],11163142,金坷垃金坷垃金坷垃1,2025-08-30T01:07:34+00:00
BV1es411D7sW,[笑哭],笑哭,手机为啥震动[笑哭],手机为啥震动[笑哭],3546845909354679,ZJC-Ultra,2025-08-30T00:29:05+00:00
BV1es411D7sW,[大哭],大哭,什么时候UP主能更新啊[大哭],什么时候UP主能更新啊[大哭],1206722751,yegysdg,2025-08-28T15:30:15+00:00
BV1es411D7sW,[呲牙],呲牙,终于找到出处了[呲牙],终于找到出处了[呲牙],3546801523132910,薪清,2025-08-28T13:14:45+00:00
BV1es411D7sW,[吃瓜],吃瓜,只能说资本家都一个样[吃瓜],只能说资本家都一个样[吃瓜],3546554390546867,看不到的异名,2025-08-27T19:20:38+00:00
BV1es411D7sW,[doge],doge,考古来了[doge],考古来了[doge],1042838373,茂笔生花MozeFX,2025-08-26T08:47:56+00:00
BV1es411D7sW,[doge],doge,今天也是终于用上小米了[doge],今天也是终于用上小米了[doge],690774848,x俯瞰风景,2025-08-26T01:52:14+00:00
BV1es411D7sW,[笑哭],笑哭,[笑哭],[笑哭],3461577688746908,_aaa_love,2025-08-26T00:09:18+00:00
BV1es411D7sW,[笑哭],笑哭,这视频有个传奇的一点就是你无论几点点开它都有几个人和你一块看[辣眼睛][辣眼睛][笑哭],这视频有个传奇的一点就是你无论几点点开它都有几个人和你一块看[辣眼睛][辣眼睛][笑哭],1275425596,大明三太子,2025-08-25T18:56:56+00:00
BV1es411D7sW,[doge],doge,考古[doge][吃瓜][打call],考古[doge][吃瓜][打call],3546736991668425,韩睿hanrui,2025-08-25T15:13:26+00:00
BV1es411D7sW,[doge],doge,[doge],[doge],1879155705,数码奕,2025-08-25T14:19:41+00:00
BV1es411D7sW,[doge],doge,考古[doge],考古[doge],693081051,星雨-Sakura,2025-08-25T12:49:28+00:00
BV1es411D7sW,[吃瓜],吃瓜,考古[吃瓜][微笑],考古[吃瓜][微笑],3494376850327749,南阳有坤,2025-08-24T04:48:54+00:00
BV1es411D7sW,[doge],doge,2025考古[doge],2025考古[doge],1466327198,圣品坤至尊巅峰,2025-08-24T03:23:47+00:00
BV1es411D7sW,[吃瓜],吃瓜,[吃瓜][笑哭],[吃瓜][笑哭],3494376850327749,南阳有坤,2025-08-24T04:48:38+00:00
BV1es411D7sW,[笑哭],笑哭,2025年还在这里考古的是神人[笑哭][笑哭][笑哭],2025年还在这里考古的是神人[笑哭][笑哭][笑哭],1134703295,__光明__,2025-08-23T08:19:36+00:00
BV1es411D7sW,[doge],doge,[doge],[doge],1023367169,怪我识人不慧,2025-08-22T19:47:27+00:00
BV1es411D7sW,[OK],OK,[OK],[OK],1063735857,鸡圐,2025-08-22T18:20:16+00:00
BV1es411D7sW,[傲娇],傲娇,还有人考古我吃，来一个我吃一斤[傲娇],还有人考古我吃，来一个我吃一斤[傲娇],3546893393070772,睿韧,2025-08-22T06:23:26+00:00
BV1es411D7sW,[微笑],微笑,都2025年了，肯定没人看了吧。我立个flag，一个赞🦌一次，一条评论🦌五次，无上限[微笑],都2025年了，肯定没人看了吧。我立个flag，一个赞🦌一次，一条评论🦌五次，无上限[微笑],3546893164481049,lilililili我管你这那的,2025-08-21T11:32:21+00:00
BV1es411D7sW,[大哭],大哭,回复 @小企鹅就是我233333 :[大哭][灵魂出窍],回复 @小企鹅就是我233333 :[大哭][灵魂出窍],3546893164481049,lilililili我管你这那的,2025-08-25T08:05:15+00:00
BV1es411D7sW,[打call],打call,来了来了[打call]记得发视频自证哦[星星眼],来了来了[打call]记得发视频自证哦[星星眼],3493114874432406,柔光里的忧愁,2025-08-22T18:08:46+00:00
BV1es411D7sW,[哦呼],哦呼,竟然已经10年了，那会儿我刚来b站[哦呼],竟然已经10年了，那会儿我刚来b站[哦呼],17843467,为师尊哐哐撞大墙,2025-08-20T17:17:46+00:00
BV1es411D7sW,[doge],doge,我在重温经典[doge],我在重温经典[doge],3546658744830604,鼠标教众,2025-08-20T17:22:15+00:00
BV1es411D7sW,[笑哭],笑哭,已经10年了[笑哭],已经10年了[笑哭],3546862474758895,开拓的Reno,2025-08-20T08:40:25+00:00
BV1es411D7sW,[doge],doge,2025前来考古[doge],2025前来考古[doge],3546635894262063,六花勇太生一堆,2025-08-20T03:44:09+00:00
BV1es411D7sW,[doge],doge,2025年8月19号来挖坟[doge],2025年8月19号来挖坟[doge],531298891,真理_Office,2025-08-19T12:26:01+00:00
BV1es411D7sW,[喜极而泣],喜极而泣,时过境迁[笑哭][笑哭][笑哭]这视频还是小米被印度忽悠瘸了去投资建厂的宣发会，结果雷军被印度人坑的连裤衩子都被扒下来了[喜极而泣]后来才专心国内发展,时过境迁[笑哭][笑哭][笑哭]这视频还是小米被印度忽悠瘸了去投资建厂的宣发会，结果雷军被印度人坑的连裤衩子都被扒下来了[喜极而泣]后来才专心国内发展,1124900440,若生羽泽,2025-08-18T09:56:30+00:00
BV1es411D7sW,[doge],doge,然后被本Lv.5一口吃掉[doge],然后被本Lv.5一口吃掉[doge],529173144,热爱手机每一天,2025-08-22T13:12:13+00:00
BV1es411D7sW,[doge],doge,[doge],[doge],3546603736533267,宇鑫X,2025-08-18T09:55:58+00:00
BV1es411D7sW,[吃瓜],吃瓜,义务教育那点全用上了，一滴不浪费[吃瓜],义务教育那点全用上了，一滴不浪费[吃瓜],390119656,大大是块泡泡糖,2025-08-17T15:28:31+00:00
BV1es411D7sW,[doge],doge,为什么我的新小米手机自动打开了这个视频[doge],为什么我的新小米手机自动打开了这个视频[doge],3493112894720645,刘镇源LZY,2025-08-17T13:12:00+00:00
BV1es411D7sW,[doge],doge,那很智能化了[doge],那很智能化了[doge],1124900440,若生羽泽,2025-08-18T11:01:50+00:00
BV1es411D7sW,[笑哭],笑哭,铁粉黑粉一堆[笑哭]，经常看到网上的骂战挺无语的[笑哭],铁粉黑粉一堆[笑哭]，经常看到网上的骂战挺无语的[笑哭],514914454,愁着愁着就疯了,2025-08-16T09:28:32+00:00
BV1es411D7sW,[大哭],大哭,可惜了，小米澎湃OS把bl解锁渠道关了，虽然我不怎么玩机，但是雷军在我心中的形象就没了[大哭],可惜了，小米澎湃OS把bl解锁渠道关了，虽然我不怎么玩机，但是雷军在我心中的形象就没了[大哭],3546379852974399,小海豹喝养乐多,2025-08-14T11:27:49+00:00
BV1es411D7sW,[星星眼],星星眼,[星星眼],[星星眼],3546810387794527,SGA三连,2025-08-14T07:32:40+00:00
BV1es411D7sW,[笑哭],笑哭,這個視頻發佈的下個月我正好換了部紅米手機[笑哭],這個視頻發佈的下個月我正好換了部紅米手機[笑哭],400985288,少放辣OvO,2025-08-14T07:19:33+00:00
BV1es411D7sW,[吃瓜],吃瓜,这衣服像葬礼[吃瓜],这衣服像葬礼[吃瓜],319841771,抠脚的rose,2025-08-13T17:56:00+00:00
BV1es411D7sW,[大哭],大哭,10年了啊[大哭],10年了啊[大哭],549039023,活的清蒸鱼,2025-08-13T16:59:12+00:00
BV1es411D7sW,[大哭],大哭,这么快 都十年了[大哭],这么快 都十年了[大哭],545610626,爱吃丝瓜的小小,2025-08-12T19:36:00+00:00
BV1es411D7sW,[doge],doge,俺也一样[doge],俺也一样[doge],1587949610,洛白____,2025-08-12T15:50:07+00:00
BV1es411D7sW,[惊讶],惊讶,原来已经是十年前的视频了吗[惊讶][惊讶][惊讶],原来已经是十年前的视频了吗[惊讶][惊讶][惊讶],1595038012,---阿宝---,2025-08-12T10:09:44+00:00
BV1es411D7sW,[doge],doge,2025年8月12日15:47来考古！[doge][doge][doge],2025年8月12日15:47来考古！[doge][doge][doge],1805435947,一只屑狐吖-白昀,2025-08-12T07:47:35+00:00
BV1es411D7sW,[委屈],委屈,好怀念那时的小破站[委屈],好怀念那时的小破站[委屈],2141814000,源皙砚,2025-08-12T07:27:32+00:00
BV1es411D7sW,[doge],doge,@平甲蛛0w0 15年的，够不够[doge],@平甲蛛0w0 15年的，够不够[doge],3546668054087844,匕二三,2025-08-12T02:22:58+00:00
BV1es411D7sW,[思考],思考,[思考][嗑瓜子],[思考][嗑瓜子],3546946543291160,平甲蛛0w0,2025-08-12T02:23:40+00:00
BV1es411D7sW,[笑哭],笑哭,有人吗[笑哭],有人吗[笑哭],3493089576487862,疯狂の开拓者,2025-08-11T14:41:36+00:00
BV1es411D7sW,[笑哭],笑哭,2025考古的有人吗？[胜利][笑哭][胜利],2025考古的有人吗？[胜利][笑哭][胜利],646905303,多喝热水乂,2025-08-09T14:39:38+00:00
BV1es411D7sW,[微笑],微笑,我不信还有人，一个赞🦌一次[微笑],我不信还有人，一个赞🦌一次[微笑],3493128294107322,食51022,2025-08-09T10:36:48+00:00
BV1es411D7sW,[doge],doge,回复 @Weiye__ :养生这一块[doge],回复 @Weiye__ :养生这一块[doge],3546612682984056,爱犯困的羔羊,2025-08-10T09:28:41+00:00
BV1es411D7sW,[大哭],大哭,不要再点了[大哭],不要再点了[大哭],3493128294107322,食51022,2025-08-09T16:09:39+00:00
BV1es411D7sW,[OK],OK,[OK],[OK],1441271603,湖边Ao,2025-08-09T10:25:09+00:00
BV1es411D7sW,[微笑],微笑,10年了[微笑],10年了[微笑],506819690,阿阳冷静点,2025-08-07T11:46:02+00:00
BV1es411D7sW,[惊喜],惊喜,5000w播放考古[惊喜],5000w播放考古[惊喜],2034122337,雨玥OVO,2025-08-07T10:46:09+00:00
BV1es411D7sW,[doge],doge,现在没人在看吧[doge][doge_金箍],现在没人在看吧[doge][doge_金箍],401695841,翻过身来的咸鱼,2025-08-06T15:23:23+00:00
BV1es411D7sW,[吃瓜],吃瓜,2025前来考古[吃瓜],2025前来考古[吃瓜],1186368421,kshark__ks,2025-08-06T13:46:17+00:00
BV1es411D7sW,[笑哭],笑哭,这已经是经历过时间考验的艺术了，不太可能没人[笑哭],这已经是经历过时间考验的艺术了，不太可能没人[笑哭],595790659,啧木子汪汪,2025-08-06T10:51:50+00:00
BV1es411D7sW,[OK],OK,手持k80考古[OK],手持k80考古[OK],2075615935,AAA红神威大王,2025-08-06T07:02:34+00:00
BV1es411D7sW,[doge],doge,这么久了还有人。[doge],这么久了还有人。[doge],3546574091192828,秋思-暗部王,2025-08-06T07:00:52+00:00
BV1es411D7sW,[笑哭],笑哭,歌手可以请雷军[笑哭],歌手可以请雷军[笑哭],1436905308,包子曼头五角,2025-08-05T16:51:00+00:00
BV1es411D7sW,[doge],doge,考古[doge][脱单doge],考古[doge][脱单doge],3493136022113155,以此残躯换清风-,2025-08-05T10:45:19+00:00
BV1es411D7sW,[doge],doge,[doge],[doge],1218051722,TN_studio,2025-08-03T08:53:59+00:00
BV1es411D7sW,[doge],doge,10年以后，这个视频还有8个人在看[doge],10年以后，这个视频还有8个人在看[doge],500206164,无心の少兰克,2025-08-01T14:25:59+00:00
BV1es411D7sW,[doge],doge,回复 @海浪的泡 :我也是4点刷到[doge],回复 @海浪的泡 :我也是4点刷到[doge],354368142,威廉四号前来报道,2025-08-01T07:58:49+00:00
BV1es411D7sW,[笑哭],笑哭,回复 @海浪的泡 :上夜班摸鱼，结果让我刷到了[笑哭],回复 @海浪的泡 :上夜班摸鱼，结果让我刷到了[笑哭],80954303,致吾之青春,2025-07-31T21:07:06+00:00
BV1es411D7sW,[doge],doge,四点刷你是人啊[doge],四点刷你是人啊[doge],3493289330215663,海浪的泡,2025-07-31T20:47:15+00:00
BV1es411D7sW,[笑哭],笑哭,十年后来考古[笑哭],十年后来考古[笑哭],1960502897,玛奇朵去冰ゴ,2025-07-31T16:07:59+00:00
BV1es411D7sW,[doge],doge,这梗居然已经10年了啊[doge],这梗居然已经10年了啊[doge],2757699,yyooii,2025-07-31T11:44:41+00:00
BV1es411D7sW,[捂脸],捂脸,15的视频[笑哭]我一直以为是近几年的梗，没想到是15年的视频了[捂脸][捂脸],15的视频[笑哭]我一直以为是近几年的梗，没想到是15年的视频了[捂脸][捂脸],1798153467,许梨听,2025-07-31T08:59:51+00:00
BV1es411D7sW,[星星眼],星星眼,好高级还带手机震动功能[星星眼][星星眼][星星眼],好高级还带手机震动功能[星星眼][星星眼][星星眼],26019940,扌夫女也,2025-07-30T16:02:59+00:00
BV1es411D7sW,[doge],doge,10年了竟然还有7人正在看？[doge],10年了竟然还有7人正在看？[doge],446323259,是-100不是100,2025-07-29T17:03:41+00:00
BV1es411D7sW,[星星眼],星星眼,考古来啦[星星眼],考古来啦[星星眼],3546375226657121,不知道取啥好名字了这,2025-07-29T03:34:58+00:00
BV1es411D7sW,[doge],doge,10年后还是那么火[doge],10年后还是那么火[doge],3546603461806949,果涉,2025-07-29T02:58:19+00:00
BV1es411D7sW,[吃瓜],吃瓜,来考古[吃瓜],来考古[吃瓜],3546662045747552,暗影TFman001,2025-07-29T02:55:50+00:00
BV1es411D7sW,[打call],打call,考古[打call],考古[打call],1425516495,杪夏omo,2025-07-28T11:47:22+00:00
BV1es411D7sW,[doge],doge,[doge][doge][doge],[doge][doge][doge],64560847,Older_Xuebi,2025-07-27T10:16:18+00:00
BV1es411D7sW,[吃瓜],吃瓜,只弟们我又来考古了[吃瓜],只弟们我又来考古了[吃瓜],3546730186410512,Fade烬,2025-07-27T04:14:10+00:00
BV1es411D7sW,[doge],doge,有的兄弟有的[doge],有的兄弟有的[doge],394998458,一路向北然后搁浅,2025-07-27T03:12:40+00:00
BV1es411D7sW,[doge],doge,这里是2025年的考古队[doge],这里是2025年的考古队[doge],3493295674100300,凌叁号,2025-07-26T22:39:57+00:00
BV1es411D7sW,[OK],OK,现在还有十四个人一起看是什么意思[OK]我是回顾经典[脸红],现在还有十四个人一起看是什么意思[OK]我是回顾经典[脸红],233300131,小白小姐爱吃肉,2025-07-26T15:34:20+00:00
BV1es411D7sW,[打call],打call,考古[打call][打call][打call],考古[打call][打call][打call],3546375690128027,沙雕不爱开玩笑,2025-07-26T06:02:43+00:00
BV1es411D7sW,[大哭],大哭,十年了啊[大哭],十年了啊[大哭],2058185340,塞北的雪雪子,2025-07-25T18:12:17+00:00
BV1es411D7sW,[doge],doge,现在看的16个人都是谁啊[doge],现在看的16个人都是谁啊[doge],56145140,长矛沾屎_戳谁谁死_,2025-07-24T14:09:16+00:00
BV1es411D7sW,[doge],doge,吃我一记洛阳铲[doge],吃我一记洛阳铲[doge],1291631714,韘炎,2025-07-24T11:07:52+00:00
BV1es411D7sW,[doge],doge,雷总也是出过个人专辑[doge],雷总也是出过个人专辑[doge],401329444,梦妖丨,2025-07-24T04:14:36+00:00
BV1es411D7sW,[doge],doge,哎呀，来慢了十周年快乐[doge](*°▽°*)♪,哎呀，来慢了十周年快乐[doge](*°▽°*)♪,500032338,马牛少,2025-07-22T18:13:55+00:00
BV1es411D7sW,[辣眼睛],辣眼睛,十年了，现在才刷到[辣眼睛],十年了，现在才刷到[辣眼睛],1898452924,只是一只小僵尸,2025-07-22T17:33:46+00:00
BV1es411D7sW,[无语],无语,竟然是15年的才发现[无语],竟然是15年的才发现[无语],310286333,l好s了,2025-07-22T09:33:08+00:00
BV1es411D7sW,[微笑],微笑,十年前的视频又回到我的首页了[微笑],十年前的视频又回到我的首页了[微笑],3546614782233375,AAA地瓜批发,2025-07-22T02:50:59+00:00
BV1es411D7sW,[打call],打call,Are you ok[打call][打call],Are you ok[打call][打call],1881544247,憧憬成為BigBoss,2025-07-21T17:58:45+00:00
BV1es411D7sW,[大哭],大哭,第一次看的时候还是在小学[大哭],第一次看的时候还是在小学[大哭],2066527559,懒得想所以佚名,2025-07-21T09:12:39+00:00
BV1es411D7sW,[酸了],酸了,居然已经过去十年了吗，曾经那个时候还只是个小学生，突然感觉时间过的好快啊[酸了],居然已经过去十年了吗，曾经那个时候还只是个小学生，突然感觉时间过的好快啊[酸了],1898452924,只是一只小僵尸,2025-07-20T19:32:33+00:00
BV1es411D7sW,[doge],doge,[doge],[doge],1003334850,碳烤虾线,2025-07-20T12:55:56+00:00
BV1es411D7sW,[星星眼],星星眼,好家伙，2025了[星星眼],好家伙，2025了[星星眼],1730016838,我喜欢你啊Mikasa,2025-07-19T07:18:41+00:00
BV1es411D7sW,[打call],打call,[打call],[打call],1743354841,发癫机Plus,2025-07-19T05:47:07+00:00
BV1es411D7sW,[笑哭],笑哭,那会B站没这么多神人[笑哭],那会B站没这么多神人[笑哭],678211503,Unknown_BFX,2025-07-19T12:06:15+00:00
BV1es411D7sW,[doge],doge,我就听了30多遍平板就关机了，求解决(我是小米)[doge],我就听了30多遍平板就关机了，求解决(我是小米)[doge],3546594446149932,Frola-_,2025-07-18T14:12:28+00:00
BV1es411D7sW,[doge],doge,还有人[doge],还有人[doge],354073138,喵的蜜汁次方,2025-07-18T06:28:30+00:00
BV1es411D7sW,[打call],打call,10年了我靠[打call],10年了我靠[打call],489764713,渉㲁,2025-07-17T02:40:34+00:00
BV1es411D7sW,[doge],doge,城武你也在啊[doge],城武你也在啊[doge],28860486,balala小猪儿虫,2025-07-17T14:55:42+00:00
BV1es411D7sW,[OK],OK,竟然已经十年了[OK][OK],竟然已经十年了[OK][OK],2995690,嘀铃铃铃铃铃,2025-07-16T15:03:33+00:00
BV1es411D7sW,[笑哭],笑哭,阿祖你贏了[笑哭],阿祖你贏了[笑哭],634917132,我是酒拾八,2025-07-19T05:23:55+00:00
BV1es411D7sW,[喜极而泣],喜极而泣,一晃十年而过[喜极而泣],一晃十年而过[喜极而泣],332761831,芷夏风轻伤,2025-07-15T15:55:42+00:00
BV1es411D7sW,[笑哭],笑哭,我的手机在抖[笑哭],我的手机在抖[笑哭],3494368356862562,骑不动的猹,2025-07-14T12:22:47+00:00
BV1es411D7sW,[惊喜],惊喜,这里是来自未来的问好[蹲蹲][惊喜],这里是来自未来的问好[蹲蹲][惊喜],3546674804820575,夜姚暗区突围,2025-07-13T12:07:25+00:00
BV1es411D7sW,[傲娇],傲娇,罚你回来再看一遍[傲娇],罚你回来再看一遍[傲娇],1597779060,Siiiillage,2025-07-13T12:27:37+00:00
BV1es411D7sW,[笑哭],笑哭,居然十年了[笑哭],居然十年了[笑哭],688838064,宝贝女儿纱南,2025-07-13T09:40:53+00:00
BV1es411D7sW,[笑哭],笑哭,@无知的_猫 上古时期[笑哭],@无知的_猫 上古时期[笑哭],475641080,飞鸟和麻吉鸟,2025-07-12T14:02:53+00:00
BV1es411D7sW,[墨镜],墨镜,[墨镜],[墨镜],3546659078277606,脑子被鱼占据了怎么版,2025-07-12T07:26:19+00:00
BV1es411D7sW,[doge],doge,[doge],[doge],604146081,弦宝suki,2025-07-12T13:57:20+00:00
BV1es411D7sW,[疼],疼,逆天我能刷到10年前的视频。我手持k80至尊版[疼],逆天我能刷到10年前的视频。我手持k80至尊版[疼],2006553588,梅肥鲸,2025-07-12T00:39:10+00:00
BV1es411D7sW,[大哭],大哭,蚂蚁竞走十年了[大哭],蚂蚁竞走十年了[大哭],36000450,我真是爱极了这世间,2025-07-11T16:16:55+00:00
BV1es411D7sW,[哦呼],哦呼,[哦呼]这么多播放,[哦呼]这么多播放,1857589303,-三个蛋挞,2025-07-11T15:54:04+00:00
BV1es411D7sW,[doge],doge,看看25年我在这个视频底下还能集多少赞[doge],看看25年我在这个视频底下还能集多少赞[doge],3493298081630310,华为麒麟遥遥领先,2025-07-11T14:06:27+00:00
BV1es411D7sW,[吃瓜],吃瓜,二级号听的，如今至少四级号[吃瓜],二级号听的，如今至少四级号[吃瓜],507978291,圣道无念,2025-07-10T01:53:50+00:00
BV1es411D7sW,[嘘声],嘘声,你看作者都不更视频了，早就因为这歌财务自由了[嘘声],你看作者都不更视频了，早就因为这歌财务自由了[嘘声],41082963,大卷君丶,2025-07-18T10:06:41+00:00
BV1es411D7sW,[星星眼],星星眼,万恶之源[星星眼]十年老歌,万恶之源[星星眼]十年老歌,1742715206,水仙教大祭司,2025-07-08T12:08:14+00:00
BV1es411D7sW,[呲牙],呲牙,如果看完这个视频，不知道下面去看什么的话，那就去看蓝蓝路吧[呲牙],如果看完这个视频，不知道下面去看什么的话，那就去看蓝蓝路吧[呲牙],3546850074298701,我叫窦泥丸,2025-07-07T08:37:34+00:00
BV1es411D7sW,[doge],doge,来考古啦[doge],来考古啦[doge],3546913861273688,山苍大少,2025-07-07T04:55:41+00:00
BV1es411D7sW,[doge],doge,能不能每个月就靠这个视频的播放量激励活着[doge],能不能每个月就靠这个视频的播放量激励活着[doge],57623304,菜腿啊杰瑞,2025-07-06T12:12:14+00:00
BV1es411D7sW,[doge],doge,2015年吗，十年了哦[doge],2015年吗，十年了哦[doge],3493126306007538,琪露诺是个天才9,2025-07-06T08:50:07+00:00
BV1es411D7sW,[哦呼],哦呼,都多少年了[哦呼],都多少年了[哦呼],3546605059835988,给我最后十天时间,2025-07-04T15:53:09+00:00
BV1es411D7sW,[星星眼],星星眼,再过几年就1亿了吧[星星眼],再过几年就1亿了吧[星星眼],3546605059835988,给我最后十天时间,2025-07-04T15:53:31+00:00
BV1es411D7sW,[doge],doge,晚上十一点了，另外15人出来[doge],晚上十一点了，另外15人出来[doge],2087421953,gqzjl,2025-07-04T15:24:12+00:00
BV1es411D7sW,[喜极而泣],喜极而泣,十年了[喜极而泣],十年了[喜极而泣],211693917,-听风雨,2025-07-04T13:45:05+00:00
BV1es411D7sW,[doge],doge,小馋猫[doge],小馋猫[doge],3546644419185529,柒月的玫瑰花,2025-07-04T10:04:30+00:00
BV1es411D7sW,[疑惑],疑惑,打开这个视频为什么我的手机会震动[疑惑][疑惑][疑惑],打开这个视频为什么我的手机会震动[疑惑][疑惑][疑惑],111052194,A1gis,2025-07-03T17:05:28+00:00
BV1es411D7sW,[哦呼],哦呼,竟然已经十年了[哦呼]，有人回来考古吗,竟然已经十年了[哦呼]，有人回来考古吗,49136429,爱的小薯,2025-07-03T15:56:15+00:00
BV1es411D7sW,[哦呼],哦呼,这么古早的视频了吗[哦呼],这么古早的视频了吗[哦呼],397452548,84485039592_bili,2025-07-03T13:57:18+00:00
BV1es411D7sW,[哦呼],哦呼,10年了[哦呼],10年了[哦呼],100500973,赖的没救了,2025-07-03T06:49:48+00:00
BV1es411D7sW,[哦呼],哦呼,5050.3w播放▶️？[惊讶][哦呼]，太吓人了吧,5050.3w播放▶️？[惊讶][哦呼]，太吓人了吧,3546726361205210,万人辟易神甘,2025-07-01T20:40:33+00:00
BV1es411D7sW,[嘘声],嘘声,[嘘声],[嘘声],1689222679,厉枭而花菜高,2025-07-02T01:00:32+00:00
BV1es411D7sW,[doge],doge,yu7回来的[doge],yu7回来的[doge],544276515,勇敢的辛辛辛,2025-07-02T14:41:12+00:00
BV1es411D7sW,[笑哭],笑哭,[笑哭],[笑哭],399607720,莫宝是个小可爱,2025-07-01T13:20:20+00:00
BV1es411D7sW,[翻白眼],翻白眼,✌🏻[翻白眼]✌🏻,✌🏻[翻白眼]✌🏻,3493294092847743,凤凰级,2025-07-01T09:55:14+00:00
BV1es411D7sW,[doge],doge,[doge][doge][doge][doge][doge][doge]666我不是人吗？[doge_金箍],[doge][doge][doge][doge][doge][doge]666我不是人吗？[doge_金箍],3546654573595291,GTA德意志,2025-07-01T07:05:24+00:00
BV1es411D7sW,[doge],doge,考古神曲[doge],考古神曲[doge],670372642,bili_36318403684,2025-07-01T06:47:55+00:00
BV1es411D7sW,[doge],doge,[doge],[doge],3546654573595291,GTA德意志,2025-07-01T07:05:31+00:00
BV1es411D7sW,[笑哭],笑哭,正是这首音乐给雷军打造亲民形象[笑哭][笑哭][笑哭],正是这首音乐给雷军打造亲民形象[笑哭][笑哭][笑哭],3546557708241825,甜甜甜圈0,2025-07-01T04:12:01+00:00
BV1es411D7sW,[doge],doge,玄戒O1时代考古，正在用[doge],玄戒O1时代考古，正在用[doge],482848290,莓喵の小风扇,2025-06-30T17:37:29+00:00
BV1es411D7sW,[笑哭],笑哭,29人在看[笑哭][笑哭][笑哭][笑哭],29人在看[笑哭][笑哭][笑哭][笑哭],24698129,szc17502,2025-06-30T15:51:10+00:00
BV1es411D7sW,[胜利],胜利,10年后前来考古[胜利],10年后前来考古[胜利],1497852380,阿笙不是笙儿,2025-06-30T14:41:18+00:00
BV1es411D7sW,[打call],打call,没想到十年后这歌还是这么火[打call],没想到十年后这歌还是这么火[打call],3493138956028162,滑子see大片,2025-06-30T13:39:01+00:00
BV1es411D7sW,[doge],doge,十年了[doge],十年了[doge],277954970,MISUKAHINA,2025-06-30T11:15:45+00:00
BV1es411D7sW,[doge],doge,10年了！！！！！等我2026的来[doge],10年了！！！！！等我2026的来[doge],3546619175766438,随机昵称5131,2025-06-30T10:45:12+00:00
BV1es411D7sW,[妙啊],妙啊,居然10年了啊[妙啊],居然10年了啊[妙啊],520846691,送我汉堡啊,2025-06-30T05:42:46+00:00
BV1es411D7sW,[微笑],微笑,手持k70至尊观看[微笑],手持k70至尊观看[微笑],3546713673436067,凌志56,2025-06-30T04:21:55+00:00
BV1es411D7sW,[doge],doge,手持小米15观看[doge],手持小米15观看[doge],1338669715,执念的鱼ww,2025-06-30T06:06:29+00:00
BV1es411D7sW,[大笑],大笑,[大笑],[大笑],671010396,葡萄柚子酒oo,2025-06-29T13:23:52+00:00
BV1es411D7sW,[吃瓜],吃瓜,[吃瓜][吃瓜][吃瓜],[吃瓜][吃瓜][吃瓜],13100643,脆皮鲜乳球夹心软糖,2025-06-29T12:30:25+00:00
BV1es411D7sW,[doge],doge,[doge][doge][doge],[doge][doge][doge],3546378546448708,有安若可,2025-06-29T12:19:56+00:00
BV1es411D7sW,[滑稽],滑稽,[滑稽][滑稽][滑稽],[滑稽][滑稽][滑稽],18927367,桾柠,2025-06-29T12:53:13+00:00
BV1es411D7sW,[滑稽],滑稽,来自2025年的6月28号。 雷总造车了，目前已经发售了两款电车。 市场反应非同凡响。[鼓掌] 雷总唱的歌真好听。[滑稽],来自2025年的6月28号。 雷总造车了，目前已经发售了两款电车。 市场反应非同凡响。[鼓掌] 雷总唱的歌真好听。[滑稽],489835425,子光便签,2025-06-28T13:33:46+00:00
BV1es411D7sW,[打call],打call,[打call][打call][打call][打call],[打call][打call][打call][打call],367894611,三精葡萄糖酸锌,2025-06-28T13:03:50+00:00
BV1es411D7sW,[doge],doge,[doge],[doge],480735066,断剑与孤独,2025-06-28T00:22:13+00:00
BV1es411D7sW,[支持],支持,祝贺雷总Yu7大卖[支持][滑稽][脱单doge][doge_金箍],祝贺雷总Yu7大卖[支持][滑稽][脱单doge][doge_金箍],102040530,蛋炒饭真香-阿同,2025-06-27T17:08:22+00:00
BV1es411D7sW,[点赞],点赞,欲妻时代[点赞][点赞],欲妻时代[点赞][点赞],169412639,妖侠狗大圣,2025-06-27T16:32:05+00:00
BV1es411D7sW,[吃瓜],吃瓜,才发现这视频已经十年了，我也不再是少年[喜极而泣]雷总发布打破中国汽车工业史的小米YU7后留[吃瓜],才发现这视频已经十年了，我也不再是少年[喜极而泣]雷总发布打破中国汽车工业史的小米YU7后留[吃瓜],28496754,__何来尘埃飞舞__,2025-06-27T11:31:21+00:00
BV1es411D7sW,[滑稽],滑稽,在这里[doge_金箍][脱单doge][滑稽],在这里[doge_金箍][脱单doge][滑稽],102040530,蛋炒饭真香-阿同,2025-06-27T17:08:43+00:00
BV1es411D7sW,[doge],doge,今天yu7发布会，还有人吗[doge],今天yu7发布会，还有人吗[doge],1430713369,Mr_Case-Offical,2025-06-26T12:49:30+00:00
BV1es411D7sW,[doge],doge,包有的[doge],包有的[doge],1711463070,超无限Superstorm,2025-06-28T08:02:42+00:00
BV1es411D7sW,[喜极而泣],喜极而泣,竟然十年了，泪目[喜极而泣],竟然十年了，泪目[喜极而泣],16674099,云生从龙,2025-06-25T06:06:55+00:00
BV1es411D7sW,[打call],打call,2025年6月25日[打call],2025年6月25日[打call],3537113991613256,bili_98828749401,2025-06-25T05:16:44+00:00
BV1es411D7sW,[笑哭],笑哭,华子搞的事情都很反好感[笑哭],华子搞的事情都很反好感[笑哭],506811429,阿比盖尔回来,2025-06-24T17:06:19+00:00
BV1es411D7sW,[笑哭],笑哭,回复 @阿比盖尔回来 :你要看针对谁，花为美那个在老年人群体里就很受众，反而是小米这种让他们搞不懂，但在年轻人群体里，华为那个能让人尴尬的用脚趾头抠出三室一厅[笑哭],回复 @阿比盖尔回来 :你要看针对谁，花为美那个在老年人群体里就很受众，反而是小米这种让他们搞不懂，但在年轻人群体里，华为那个能让人尴尬的用脚趾头抠出三室一厅[笑哭],32065701,瑶光-Alkaid,2025-06-25T06:37:13+00:00
BV1es411D7sW,[笑哭],笑哭,这个真的功不可没啊，太出圈了，已经变成经典永流传了[笑哭]10年过得真tm快,这个真的功不可没啊，太出圈了，已经变成经典永流传了[笑哭]10年过得真tm快,1651391702,影像嘅阿東,2025-06-20T06:48:28+00:00
BV1es411D7sW,[doge],doge,10年前，该发霉了[doge][doge],10年前，该发霉了[doge][doge],2000618233,风灵月影宗首席弟子,2025-06-19T14:42:29+00:00
BV1es411D7sW,[大哭],大哭,太快了[大哭][大哭],太快了[大哭][大哭],1911531203,男人Duck不必这么完美,2025-06-19T14:39:40+00:00
BV1es411D7sW,[笑],笑,今夕是何年？[笑],今夕是何年？[笑],37027500,Loki隆音,2025-06-19T04:08:10+00:00
BV1es411D7sW,[大哭],大哭,10年了[大哭],10年了[大哭],490918943,静荷雨水,2025-06-19T03:49:43+00:00
BV1es411D7sW,[大哭],大哭,都十年了[大哭],都十年了[大哭],24059089,我不是深海同志,2025-06-17T17:04:58+00:00
BV1es411D7sW,[笑哭],笑哭,这个当年是真听过[笑哭],这个当年是真听过[笑哭],3546569469069772,犹碘意思,2025-06-17T14:08:29+00:00
BV1es411D7sW,[笑哭],笑哭,up放心，我替你缓存视频了，还有uid也看清楚了，还有截图也截了，我再替你投个邮件，发给老米法务部，替你投石问个路，看看效果哈。不用谢[笑哭][笑哭],up放心，我替你缓存视频了，还有uid也看清楚了，还有截图也截了，我再替你投个邮件，发给老米法务部，替你投石问个路，看看效果哈。不用谢[笑哭][笑哭],231918827,姜太公齐源,2025-06-17T12:34:50+00:00
BV1es411D7sW,[笑哭],笑哭,这竟然是鬼畜[笑哭],这竟然是鬼畜[笑哭],87057231,难忘一身橄榄绿,2025-06-15T16:07:50+00:00
BV1es411D7sW,[doge],doge,10年了，回味一下[doge],10年了，回味一下[doge],867317,小c菌,2025-06-14T10:46:35+00:00
BV1es411D7sW,[笑哭],笑哭,每天必刷[笑哭],每天必刷[笑哭],3546632478001657,_墨山,2025-06-11T09:11:19+00:00
BV1es411D7sW,[打call],打call,纽北最速量产电车考古！are you ok？[打call][打call],纽北最速量产电车考古！are you ok？[打call][打call],499864012,992GT3MR,2025-06-11T00:54:20+00:00
BV1es411D7sW,[doge],doge,这歌我米纯自研的吧[doge][doge][doge],这歌我米纯自研的吧[doge][doge][doge],424772997,mxt9950,2025-06-10T16:05:10+00:00
BV1es411D7sW,[doge],doge,不是小米自创，但是这首歌版权被雷总买下来了。[doge],不是小米自创，但是这首歌版权被雷总买下来了。[doge],1760107117,临笙fm,2025-06-13T10:02:55+00:00
BV1es411D7sW,[抠鼻],抠鼻,印度赚钱印度花，一分别想带回家[抠鼻],印度赚钱印度花，一分别想带回家[抠鼻],99062023,苦逼的皮皮虾君,2025-06-09T16:58:59+00:00
BV1es411D7sW,[笑哭],笑哭,[笑哭],[笑哭],1664613567,承溪o,2025-06-08T13:20:07+00:00
BV1es411D7sW,[吃瓜],吃瓜,10年了，依旧这么火[吃瓜],10年了，依旧这么火[吃瓜],1132377976,橘辞生欢,2025-06-08T10:34:46+00:00
BV1es411D7sW,[doge],doge,现在还有人我直接叫爸爸[doge],现在还有人我直接叫爸爸[doge],1448038931,东北火车迷,2025-06-08T06:03:17+00:00
BV1es411D7sW,[妙啊],妙啊,儿子[妙啊],儿子[妙啊],1528209606,庄庄咔,2025-06-08T06:12:09+00:00
BV1es411D7sW,[doge],doge,10周年快乐！让我看看是谁在按时间看评论[doge],10周年快乐！让我看看是谁在按时间看评论[doge],567597808,白晓0425,2025-06-08T05:43:02+00:00
BV1es411D7sW,[大哭],大哭,考古了，真的是时过境迁啊[大哭],考古了，真的是时过境迁啊[大哭],14894115,少年始于微末,2025-06-07T07:27:18+00:00
BV1es411D7sW,[doge],doge,往下翻，你会发现它转起来了 ( ´･ω･) ( ´･ω) ( ´･) ( ´) ( ) (` ) (･` ) (ω･` ) (･ω･` ) (´･ω･`) ( ´･ω･) ( ´･ω) ( ´･) ( ´) ( ) (` ) (･` ) (ω･` ) (･ω･` ) (´･ω･`) ( ´･ω･) ( ´･ω) ( ´･) ( ´) ( ) (` ) (･` ) (ω･` ) (･ω･` ) (´･ω･`) ( ´･ω･) ( ´･ω) ( ´･) ( ´) ( ) (` ) (･` ) (ω･` ) (･ω･` ) (´･ω･`) ( ´･ω･) ( ´･ω) ( ´･) ( ´) ( ) (` ) (･` ) (ω･` ) (･ω･` ) (´･ω･`) ( ´･ω･) ( ´･ω) ( ´･) ( ´) ( ) (` ) (･` ) (ω･` ) (･ω･` ) (´･ω･`) ( ´･ω･) ( ´･ω) ( ´･) ( ´) ( ) (` ) (･` ) (ω･` ) (･ω･` ) (´･ω･`) ( ´･ω･) ( ´･ω) ( ´･) ( ´･ω･) ( ´･ω) ( ´･) ( ´) ( ) (` ) (･` ) (ω･` ) (･ω･` ) (´･ω･`) ( ´･ω･) ( ´･ω) ( ´･) ( ´) ( ) (` ) (･` ) (ω･` ) (･ω･` ) (´･ω･`) ( ´･ω･) ( ´･ω) ( ´･) ( ´) ( ) (` ) 往上翻，你会发现它转起来了[doge] 能展开的都是可爱善良的人呀，祝您一天开心快乐,往下翻，你会发现它转起来了 ( ´･ω･) ( ´･ω) ( ´･) ( ´) ( ) (` ) (･` ) (ω･` ) (･ω･` ) (´･ω･`) ( ´･ω･) ( ´･ω) ( ´･) ( ´) ( ) (` ) (･` ) (ω･` ) (･ω･` ) (´･ω･`) ( ´･ω･) ( ´･ω) ( ´･) ( ´) ( ) (` ) (･` ) (ω･` ) (･ω･` ) (´･ω･`) ( ´･ω･) ( ´･ω) ( ´･) ( ´) ( ) (` ) (･` ) (ω･` ) (･ω･` ) (´･ω･`) ( ´･ω･) ( ´･ω) ( ´･) ( ´) ( ) (` ) (･` ) (ω･` ) (･ω･` ) (´･ω･`) ( ´･ω･) ( ´･ω) ( ´･) ( ´) ( ) (` ) (･` ) (ω･` ) (･ω･` ) (´･ω･`) ( ´･ω･) ( ´･ω) ( ´･) ( ´) ( ) (` ) (･` ) (ω･` ) (･ω･` ) (´･ω･`) ( ´･ω･) ( ´･ω) ( ´･) ( ´･ω･) ( ´･ω) ( ´･) ( ´) ( ) (` ) (･` ) (ω･` ) (･ω･` ) (´･ω･`) ( ´･ω･) ( ´･ω) ( ´･) ( ´) ( ) (` ) (･` ) (ω･` ) (･ω･` ) (´･ω･`) ( ´･ω･) ( ´･ω) ( ´･) ( ´) ( ) (` ) 往上翻，你会发现它转起来了[doge] 能展开的都是可爱善良的人呀，祝您一天开心快乐,3546379922180663,糕冷裤衩,2025-06-06T12:37:34+00:00
BV1es411D7sW,[怪我咯],怪我咯,爷转了十分钟[怪我咯],爷转了十分钟[怪我咯],3493133883017803,普大笑了我醉了,2025-06-07T09:50:02+00:00
BV1es411D7sW,[笑哭],笑哭,[笑哭],[笑哭],1342240085,不吃白不吃__,2025-06-06T13:02:09+00:00
BV1es411D7sW,[调皮],调皮,我就不信还有人能找到我[调皮],我就不信还有人能找到我[调皮],3546379922180663,糕冷裤衩,2025-06-06T12:37:11+00:00
BV1es411D7sW,[黑洞],黑洞,[黑洞],[黑洞],1342240085,不吃白不吃__,2025-06-06T13:02:04+00:00
BV1es411D7sW,[微笑],微笑,我不信，到了借我开开[微笑],我不信，到了借我开开[微笑],3546379922180663,糕冷裤衩,2025-06-06T12:38:19+00:00
BV1es411D7sW,[傲娇],傲娇,现在还有人我吃[傲娇][傲娇][傲娇],现在还有人我吃[傲娇][傲娇][傲娇],3546717104375918,我有点喜欢你哟,2025-06-03T04:11:03+00:00
BV1es411D7sW,[笑哭],笑哭,致力帮助每一个不知死活的梦想[笑哭],致力帮助每一个不知死活的梦想[笑哭],498495712,VivaLaVidalp,2025-06-04T14:26:01+00:00
BV1es411D7sW,[笑哭],笑哭,回复 @猫饭MoreFun :[笑哭],回复 @猫饭MoreFun :[笑哭],3546717104375918,我有点喜欢你哟,2025-06-03T04:24:35+00:00
BV1es411D7sW,[笑哭],笑哭,真想回到以前啊[笑哭],真想回到以前啊[笑哭],3546654502291701,玩不到第3章导致的,2025-06-02T08:44:13+00:00
BV1es411D7sW,[笑哭],笑哭,不认识雷军之前没看视频前以为这就是个正经的外国歌[笑哭],不认识雷军之前没看视频前以为这就是个正经的外国歌[笑哭],690862255,朧浚羏,2025-06-01T06:22:35+00:00
BV1es411D7sW,[笑哭],笑哭,十年了[笑哭],十年了[笑哭],3546632478001657,_墨山,2025-05-30T09:59:30+00:00
BV1es411D7sW,[doge],doge,自研玄戒+yu7+米16时代（纠正）[doge],自研玄戒+yu7+米16时代（纠正）[doge],3546632478001657,_墨山,2025-05-30T09:58:50+00:00
BV1es411D7sW,[大哭],大哭,我怎么就22了呢[大哭],我怎么就22了呢[大哭],119798126,花已开何时归,2025-05-29T09:55:47+00:00
BV1es411D7sW,[打call],打call,2025.05.28[打call]，观赏经典,2025.05.28[打call]，观赏经典,413782338,君子不器-Q,2025-05-28T00:02:31+00:00
BV1es411D7sW,[难过],难过,原来这个梗已经是十年前的事情了吗[难过],原来这个梗已经是十年前的事情了吗[难过],1810599310,炸掉我家蟑螂的勾巴,2025-05-27T12:13:47+00:00
BV1es411D7sW,[微笑],微笑,十年了总不能还有人看吧.........[微笑],十年了总不能还有人看吧.........[微笑],1831904200,Great_Old_Ones,2025-05-27T10:38:22+00:00
BV1es411D7sW,[妙啊],妙啊,[妙啊],[妙啊],1669185982,chara201x,2025-05-28T01:01:02+00:00
BV1es411D7sW,[doge],doge,[doge],[doge],166608102,日落北冰洋,2025-05-29T12:55:33+00:00
BV1es411D7sW,[吃瓜],吃瓜,我小时候抱过这歌[吃瓜],我小时候抱过这歌[吃瓜],3493116579416885,屑煤球,2025-05-25T12:37:38+00:00
BV1es411D7sW,[辣眼睛],辣眼睛,小米自研芯片又出了，下打联发科上追高通，跟苹果有来有回，这下就差系统了[辣眼睛],小米自研芯片又出了，下打联发科上追高通，跟苹果有来有回，这下就差系统了[辣眼睛],520638310,晚安晚安请假请进,2025-05-25T00:35:56+00:00
BV1es411D7sW,[冷],冷,你的意思是说这个视频是十年前的？[冷],你的意思是说这个视频是十年前的？[冷],695601881,夜秋Bhyu-Noe,2025-05-24T15:45:32+00:00
BV1es411D7sW,[星星眼],星星眼,考古[星星眼],考古[星星眼],578041394,昵称不可用请修改,2025-05-24T02:56:26+00:00
BV1es411D7sW,[星星眼],星星眼,15年的视频[星星眼],15年的视频[星星眼],578041394,昵称不可用请修改,2025-05-24T02:56:49+00:00
BV1es411D7sW,[打call],打call,道阻且长[打call],道阻且长[打call],424723373,不爱笑的天阳,2025-05-23T08:41:11+00:00
BV1es411D7sW,[OK],OK,I am OK[OK],I am OK[OK],3546632478001657,_墨山,2025-05-22T04:50:31+00:00
BV1es411D7sW,[支持],支持,2025还看跟着雷总摇起来是这个[支持],2025还看跟着雷总摇起来是这个[支持],1060515350,天下二狗子第一,2025-05-22T13:46:30+00:00
BV1es411D7sW,[疑惑],疑惑,陶琉博物馆来的[疑惑],陶琉博物馆来的[疑惑],12275501,素蚁白堕,2025-05-17T06:30:15+00:00
BV1es411D7sW,[委屈],委屈,十年好快[委屈],十年好快[委屈],321597468,掌灯即明,2025-05-16T16:00:05+00:00
BV1es411D7sW,[打call],打call,卖数据线啦~ 小米专用数据线10.9元，可激活小米私有快充，33W-120W通用，免运费保修一年，某宝“凌柯优品”联系客服报b友可减2元~[打call],卖数据线啦~ 小米专用数据线10.9元，可激活小米私有快充，33W-120W通用，免运费保修一年，某宝“凌柯优品”联系客服报b友可减2元~[打call],221090878,天际-,2025-05-14T15:38:45+00:00
BV1es411D7sW,[笑哭],笑哭,十年了，还是那么魔性[笑哭][笑哭],十年了，还是那么魔性[笑哭][笑哭],3461566221518849,今日复,2025-05-13T17:23:08+00:00
BV1es411D7sW,[呲牙],呲牙,买了部小米手环9纪念一下这个梗诞生的10周年吧[呲牙],买了部小米手环9纪念一下这个梗诞生的10周年吧[呲牙],3546566640011603,6到离谱好8,2025-05-12T16:06:04+00:00
BV1es411D7sW,[doge],doge,2025年了，还有回来重刷的嘛[doge],2025年了，还有回来重刷的嘛[doge],382568042,小坝龙头企业,2025-05-12T01:41:42+00:00
BV1es411D7sW,[笑哭],笑哭,十年了[笑哭]就是up不更新了,十年了[笑哭]就是up不更新了,1998279966,取名真特么难焯,2025-05-12T04:43:20+00:00
BV1es411D7sW,[doge],doge,Are you OK¿I’m very OK.[doge],Are you OK¿I’m very OK.[doge],490671200,一期更N年区UP主,2025-05-11T11:06:46+00:00
BV1es411D7sW,[胜利],胜利,京[胜利],京[胜利],1692382193,理猩,2025-05-28T14:42:04+00:00
BV1es411D7sW,[doge],doge,2025.5.10 10:54 有人不[doge],2025.5.10 10:54 有人不[doge],3546836793035044,chartny,2025-05-10T15:54:08+00:00
BV1es411D7sW,[妙啊],妙啊,来了[妙啊],来了[妙啊],41120614,天宇爱自由,2025-05-10T16:36:02+00:00
BV1es411D7sW,[笑哭],笑哭,随时都有人系列，十年后这个鬼畜依然很有知名度[笑哭],随时都有人系列，十年后这个鬼畜依然很有知名度[笑哭],385788168,魔法少女退休人员,2025-05-10T08:45:13+00:00
BV1es411D7sW,[笑哭],笑哭,这是一条十年后的评论！绝了我发评论的时候还有12个人一起看[笑哭],这是一条十年后的评论！绝了我发评论的时候还有12个人一起看[笑哭],10950208,旗陌,2025-05-09T14:03:20+00:00
BV1es411D7sW,[doge],doge,十周年打卡[doge],十周年打卡[doge],1583818982,杰尼泰梅,2025-05-09T11:36:44+00:00
BV1es411D7sW,[doge],doge,犹记的当年用米3的年纪，听了此神曲求着父母买米4，觉得米4是世界上最厉害的手机[doge],犹记的当年用米3的年纪，听了此神曲求着父母买米4，觉得米4是世界上最厉害的手机[doge],1724574445,云玩家国度ROCG,2025-05-08T15:38:47+00:00
BV1es411D7sW,[doge],doge,10周年辣[doge]居然这么久了,10周年辣[doge]居然这么久了,351114129,组策略编辑器gpo,2025-05-08T14:52:01+00:00
BV1es411D7sW,[笑哭],笑哭,天哪十年了啊[笑哭],天哪十年了啊[笑哭],627099039,颜一茶兮,2025-05-05T18:02:56+00:00
BV1es411D7sW,[大哭],大哭,十年了[大哭][大哭]爷青回！,十年了[大哭][大哭]爷青回！,3537118353688588,lai1345,2025-05-05T08:52:56+00:00
BV1es411D7sW,[大哭],大哭,十年了[大哭],十年了[大哭],2138119992,bili_48494300282,2025-05-05T06:57:46+00:00
BV1es411D7sW,[doge],doge,现在25年劳动节即将结束。已经十年了，还有多少人回来重温经典的[doge],现在25年劳动节即将结束。已经十年了，还有多少人回来重温经典的[doge],1627641701,八重零一,2025-05-04T19:50:32+00:00
BV1es411D7sW,[笑哭],笑哭,死去的记忆突然开始攻击我[笑哭],死去的记忆突然开始攻击我[笑哭],594342632,yeeeeeeee-_,2025-05-04T01:38:51+00:00
BV1es411D7sW,[撇嘴],撇嘴,什么，十年了[撇嘴],什么，十年了[撇嘴],57268865,猛男也是要睡觉的啦,2025-05-03T12:17:06+00:00
BV1es411D7sW,[笑哭],笑哭,还有振动功能[笑哭],还有振动功能[笑哭],575764995,opexoo,2025-05-02T07:08:37+00:00
BV1es411D7sW,[吃瓜],吃瓜,十周年[吃瓜],十周年[吃瓜],37768026,天使的翅膀不逍遥,2025-05-01T14:18:59+00:00
BV1es411D7sW,[笑哭],笑哭,10年了[笑哭],10年了[笑哭],1241588180,未知外星昵称,2025-05-01T02:35:21+00:00
BV1es411D7sW,[打call],打call,十周年！！！[打call],十周年！！！[打call],3546891889412574,圆周率开桂,2025-04-30T14:19:32+00:00
BV1es411D7sW,[微笑],微笑,十年啦，忽而考古。[微笑],十年啦，忽而考古。[微笑],498817360,You_Tang,2025-04-30T12:07:04+00:00
BV1es411D7sW,[笑哭],笑哭,十年了，我用小米也有十年了[笑哭],十年了，我用小米也有十年了[笑哭],355389518,-池雨和-,2025-04-30T10:59:11+00:00
BV1es411D7sW,[惊讶],惊讶,十年过去了[惊讶],十年过去了[惊讶],603201384,神奇的一只蝈蝈,2025-04-30T10:31:26+00:00
BV1es411D7sW,[大笑],大笑,[大笑],[大笑],192464001,号角的脚好臭,2025-04-30T10:15:12+00:00
BV1es411D7sW,[doge],doge,十年了，过来凑热闹[doge],十年了，过来凑热闹[doge],447683929,0DV3UaQ,2025-04-30T09:59:28+00:00
BV1es411D7sW,[打call],打call,十周年[打call][打call],十周年[打call][打call],1036956394,门口大妈-杰洛,2025-04-30T08:19:07+00:00
BV1es411D7sW,[鼓掌],鼓掌,10年后来的[鼓掌],10年后来的[鼓掌],3546789592434844,柏羽羽z,2025-04-30T07:04:31+00:00
BV1es411D7sW,[喜极而泣],喜极而泣,靠，一看刚好4.30号[喜极而泣][喜极而泣][喜极而泣],靠，一看刚好4.30号[喜极而泣][喜极而泣][喜极而泣],501825915,RosesBelAir,2025-04-30T06:23:33+00:00
BV1es411D7sW,[喜极而泣],喜极而泣,建议各大小米之家大力宣传横幅 祝are you ok发行十周年[喜极而泣][喜极而泣][喜极而泣],建议各大小米之家大力宣传横幅 祝are you ok发行十周年[喜极而泣][喜极而泣][喜极而泣],3546682457328106,こはるびより気,2025-04-30T04:17:04+00:00
BV1es411D7sW,[doge],doge,2015年4月30日11：55分 2025年4月30日11：55分 万恶之源十周年整[doge][doge],2015年4月30日11：55分 2025年4月30日11：55分 万恶之源十周年整[doge][doge],81388428,正朔不可夺,2025-04-30T03:55:19+00:00
BV1es411D7sW,[打call],打call,十周年打卡[打call][热词系列_干杯],十周年打卡[打call][热词系列_干杯],805108,enough1234,2025-04-30T01:47:27+00:00
BV1es411D7sW,[打call],打call,十周年打卡[打call],十周年打卡[打call],357697501,爱吃鹰酱的咕咕,2025-04-30T01:09:19+00:00
BV1es411D7sW,[打call],打call,10周年打卡[打call][打call],10周年打卡[打call][打call],3493120773720225,我才不是仁,2025-04-30T12:46:22+00:00
BV1es411D7sW,[大哭],大哭,十周年[大哭],十周年[大哭],1224215516,MIX_ALPHA,2025-04-30T01:08:52+00:00
BV1es411D7sW,[打call],打call,十周年快乐[打call],十周年快乐[打call],11022926,黑泽雨蝶,2025-04-30T00:47:04+00:00
BV1es411D7sW,[doge],doge,手持小米15给米pad7开热点观看本视频[doge],手持小米15给米pad7开热点观看本视频[doge],430874796,天才骑士兔,2025-04-30T00:01:57+00:00
BV1es411D7sW,[干杯],干杯,十周年快乐✧٩(ˊωˋ*)و✧[干杯][干杯],十周年快乐✧٩(ˊωˋ*)و✧[干杯][干杯],239243681,重金寻失散多年的ID,2025-04-30T00:01:02+00:00
BV1es411D7sW,[打call],打call,十周年啦[打call],十周年啦[打call],430874796,天才骑士兔,2025-04-30T00:01:00+00:00
BV1es411D7sW,[打call],打call,10周年纪念，看能不能共同把视频推向首页[打call],10周年纪念，看能不能共同把视频推向首页[打call],1424289218,无名氏io,2025-04-29T22:11:45+00:00
BV1es411D7sW,[doge],doge,十年啦，雷总作为歌手出道十周年[doge],十年啦，雷总作为歌手出道十周年[doge],430681476,饼干储存罐_,2025-04-29T16:20:43+00:00
BV1es411D7sW,[大哭],大哭,十周年已至[大哭][大哭][大哭],十周年已至[大哭][大哭][大哭],3546682457328106,こはるびより気,2025-04-29T16:20:16+00:00
BV1es411D7sW,[笑哭],笑哭,十年了好快[笑哭],十年了好快[笑哭],407676960,无公害小球藻,2025-04-29T16:12:34+00:00
BV1es411D7sW,[妙啊],妙啊,十年了，这视频什么时候来都有人看，传世经典[妙啊],十年了，这视频什么时候来都有人看，传世经典[妙啊],5031829,小清新勿近,2025-04-29T05:28:08+00:00
BV1es411D7sW,[笑哭],笑哭,给了呀，好像也几百万呢，不确定具体数字[笑哭],给了呀，好像也几百万呢，不确定具体数字[笑哭],519235216,何处有知更鸟,2025-04-30T01:32:10+00:00
BV1es411D7sW,[捂脸],捂脸,为何同样是人，雷布斯就横空出世。而我除了玩自己鸟啥啥都不是[捂脸],为何同样是人，雷布斯就横空出世。而我除了玩自己鸟啥啥都不是[捂脸],2104745323,UP主一神秀,2025-04-28T05:30:42+00:00
BV1es411D7sW,[大哭],大哭,马上十年了[大哭],马上十年了[大哭],3493077461240376,LQY老棋,2025-04-28T01:22:56+00:00
BV1es411D7sW,[doge],doge,[doge][脱单doge][妙啊][doge_金箍],[doge][脱单doge][妙啊][doge_金箍],71683734,娜拉宵宫,2025-04-28T00:34:27+00:00
BV1es411D7sW,[打call],打call,十年啦，十年啦，我又来啦[打call][打call],十年啦，十年啦，我又来啦[打call][打call],409061663,淡清清,2025-04-27T09:52:11+00:00
BV1es411D7sW,[OK],OK,差三天[OK],差三天[OK],3546869154187890,三甲集斯卡阿拉,2025-04-27T03:28:32+00:00
BV1es411D7sW,[辣眼睛],辣眼睛,突然意识到这玩意好像还有4天就十周年了[辣眼睛],突然意识到这玩意好像还有4天就十周年了[辣眼睛],1046651237,多细胞生命体,2025-04-26T11:08:28+00:00
BV1es411D7sW,[捂眼],捂眼,[捂眼]a y ok？,[捂眼]a y ok？,3537122411677864,幽助_Official,2025-04-26T09:06:47+00:00
BV1es411D7sW,[星星眼],星星眼,已经十年了[星星眼],已经十年了[星星眼],690777060,是宫水哦,2025-04-25T12:21:30+00:00
BV1es411D7sW,[笑哭],笑哭,兄弟们，二五年了，我回来吃口十年前的屎[笑哭][笑哭][笑哭][笑哭][笑哭][笑哭][笑哭][笑哭][笑哭][笑哭][笑哭],兄弟们，二五年了，我回来吃口十年前的屎[笑哭][笑哭][笑哭][笑哭][笑哭][笑哭][笑哭][笑哭][笑哭][笑哭][笑哭],3546366462658838,凌琳凛灵,2025-04-25T11:50:03+00:00
BV1es411D7sW,[辣眼睛],辣眼睛,好吧兄弟们，用词不当了[辣眼睛][辣眼睛][辣眼睛],好吧兄弟们，用词不当了[辣眼睛][辣眼睛][辣眼睛],3546366462658838,凌琳凛灵,2025-04-27T13:17:13+00:00
BV1es411D7sW,[支持],支持,25年还在看的是这个[支持],25年还在看的是这个[支持],3493091828829043,彩虹般的北极光,2025-04-25T05:10:07+00:00
BV1es411D7sW,[支持],支持,那我是这个[支持][doge_金箍],那我是这个[支持][doge_金箍],1793000019,Cheese阿柴,2025-04-25T14:44:27+00:00
BV1es411D7sW,[尴尬],尴尬,刚从小米su7起火车门打不开推送过来的[尴尬],刚从小米su7起火车门打不开推送过来的[尴尬],8064834,无感意识,2025-04-24T06:24:47+00:00
BV1es411D7sW,[打call],打call,十年啦[打call],十年啦[打call],4307772,辛逝纪芙英战士,2025-04-23T05:15:17+00:00
BV1es411D7sW,[喜极而泣],喜极而泣,手机竟然有震动[喜极而泣],手机竟然有震动[喜极而泣],515450613,还在迷茫的李子,2025-04-22T05:41:41+00:00
BV1es411D7sW,[笑哭],笑哭,十年了[笑哭],十年了[笑哭],603834380,石玄谦,2025-04-21T07:12:44+00:00
BV1es411D7sW,[笑哭],笑哭,10年前的了吗[笑哭],10年前的了吗[笑哭],1084234991,abcd秀才,2025-04-20T06:13:36+00:00
BV1es411D7sW,[疼],疼,哎呦，明天10周年纪念日啊[疼]都10年了啊,哎呦，明天10周年纪念日啊[疼]都10年了啊,323624358,想撩客服娘,2025-04-19T07:32:21+00:00
BV1es411D7sW,[doge],doge,十年之期将至[doge],十年之期将至[doge],11263272,Utopia乌托邦_琴匠,2025-04-18T22:30:29+00:00
BV1es411D7sW,[笑哭],笑哭,[笑哭]我丢这歌这么老,[笑哭]我丢这歌这么老,350925618,富含维C的巨大西红柿,2025-04-18T19:08:28+00:00
BV1es411D7sW,[喜极而泣],喜极而泣,[喜极而泣][喜极而泣][喜极而泣],[喜极而泣][喜极而泣][喜极而泣],25129345,aqunbo,2025-04-18T13:42:47+00:00
BV1es411D7sW,[doge],doge,2025年前来考古[doge],2025年前来考古[doge],650429023,萌新的小号啊,2025-04-17T15:58:30+00:00
BV1es411D7sW,[呲牙],呲牙,时间过得真快啊[呲牙],时间过得真快啊[呲牙],401753397,霜白居士,2025-04-18T01:25:25+00:00
BV1es411D7sW,[吃瓜],吃瓜,2025年4月来看看[吃瓜],2025年4月来看看[吃瓜],107160865,小小的阿迪1,2025-04-17T08:27:40+00:00
BV1es411D7sW,[doge],doge,月底就是十周年纪念了[doge],月底就是十周年纪念了[doge],1112070147,极吧弯GeerBarWan,2025-04-17T08:08:14+00:00
BV1es411D7sW,[打call],打call,[打call][打call][打call][打call],[打call][打call][打call][打call],3546594905426060,bili_50909214002,2025-04-16T17:07:13+00:00
BV1es411D7sW,[打call],打call,回复 @无弥扁鹊 :经典[打call],回复 @无弥扁鹊 :经典[打call],373122657,无弥扁鹊,2025-04-15T15:24:34+00:00
BV1es411D7sW,[吃瓜],吃瓜,百听不厌[吃瓜],百听不厌[吃瓜],416563661,树上旅人,2025-04-15T12:16:43+00:00
BV1es411D7sW,[疑惑],疑惑,为什么我放这首歌手机会震？！[疑惑][疑惑][疑惑][疑惑][疑惑],为什么我放这首歌手机会震？！[疑惑][疑惑][疑惑][疑惑][疑惑],43229309,B站毒舌,2025-04-15T05:57:35+00:00
BV1es411D7sW,[大哭],大哭,有人跟我一起忠诚么[大哭],有人跟我一起忠诚么[大哭],1351139534,尊p龙,2025-04-13T17:11:19+00:00
BV1es411D7sW,[笑哭],笑哭,这个手机震动[笑哭]我还以为来电话了,这个手机震动[笑哭]我还以为来电话了,446286099,dilaire,2025-04-13T08:10:50+00:00
BV1es411D7sW,[doge],doge,蚂蚁竞走十年了[doge],蚂蚁竞走十年了[doge],85118212,ジ掠天之翼ら,2025-04-13T05:14:10+00:00
BV1es411D7sW,[吃瓜],吃瓜,[吃瓜],[吃瓜],3493126798838549,ACOUN-3008,2025-04-13T05:03:52+00:00
BV1es411D7sW,[笑哭],笑哭,还有人看[笑哭],还有人看[笑哭],353541256,哈哈哈哈合法化,2025-04-12T07:21:34+00:00
BV1es411D7sW,[OK],OK,破5000万播放了[OK][doge_金箍],破5000万播放了[OK][doge_金箍],3546880705300686,abstract13,2025-04-12T01:56:55+00:00
BV1es411D7sW,[吃瓜],吃瓜,2015年怎么没在抖音快手上发布呢？雷总[吃瓜],2015年怎么没在抖音快手上发布呢？雷总[吃瓜],3546613727365380,vV天才威Vv,2025-04-11T18:10:40+00:00
BV1es411D7sW,[笑哭],笑哭,15还没抖音来着[笑哭],15还没抖音来着[笑哭],179596364,CPtAu,2025-04-29T01:52:21+00:00
BV1es411D7sW,[笑哭],笑哭,2015年发布的今年最火[笑哭]@雷军,2015年发布的今年最火[笑哭]@雷军,3546613727365380,vV天才威Vv,2025-04-11T18:00:41+00:00
BV1es411D7sW,[笑哭],笑哭,可不止今年了[笑哭][笑哭]去年好像su7刚出那会就火过一遍[笑哭][笑哭]一直到现在su7出事之后热度才降下去[笑哭][笑哭],可不止今年了[笑哭][笑哭]去年好像su7刚出那会就火过一遍[笑哭][笑哭]一直到现在su7出事之后热度才降下去[笑哭][笑哭],301677319,你猜我浮木去哪了,2025-04-11T18:03:53+00:00
BV1es411D7sW,[辣眼睛],辣眼睛,大晚上还有10个正在看[辣眼睛],大晚上还有10个正在看[辣眼睛],447984515,凉枫茶茶,2025-04-11T17:41:43+00:00
BV1es411D7sW,[笑哭],笑哭,这在K歌里还怪难唱的[笑哭],这在K歌里还怪难唱的[笑哭],3546617407867413,木青华Gleam,2025-04-11T09:38:43+00:00
BV1es411D7sW,[微笑],微笑,所以up主的这首歌被雷军买了？[微笑][微笑],所以up主的这首歌被雷军买了？[微笑][微笑],1809237643,开朗小boy,2025-04-10T14:46:06+00:00
BV1es411D7sW,[笑哭],笑哭,已经十年了[笑哭][笑哭],已经十年了[笑哭][笑哭],14083180,学不会上网冲浪,2025-04-10T13:31:27+00:00
BV1es411D7sW,[吃瓜],吃瓜,2025前来考古(刚刚把这个视频发到雷总最近视频的评论区[吃瓜]),2025前来考古(刚刚把这个视频发到雷总最近视频的评论区[吃瓜]),3493125230168433,Crystpvper,2025-04-10T12:41:24+00:00
BV1es411D7sW,[OK],OK,[OK],[OK],1894296727,哇真的是君呀,2025-04-10T12:59:11+00:00
BV1es411D7sW,[星星眼],星星眼,什么时候5000万了？[doge_金箍][星星眼],什么时候5000万了？[doge_金箍][星星眼],3546742731574235,没inghuo,2025-04-09T12:04:56+00:00
BV1es411D7sW,[大笑],大笑,[大笑],[大笑],651532656,故渊HCN,2025-04-08T00:51:33+00:00
BV1es411D7sW,[doge],doge,十年[doge],十年[doge],3546379311909675,克洛地米亚,2025-04-06T14:42:56+00:00
BV1es411D7sW,[doge],doge,十年之期已到[doge],十年之期已到[doge],1690360205,今天还没有午睡,2025-04-06T14:38:18+00:00
BV1es411D7sW,[微笑],微笑,十年了再回來看[微笑],十年了再回來看[微笑],1882934100,寂寞的青蛙123,2025-04-06T13:34:05+00:00
BV1es411D7sW,[doge],doge,十年了，还能刷到[doge],十年了，还能刷到[doge],1360416836,欧尼基,2025-04-06T13:23:32+00:00
BV1es411D7sW,[星星眼],星星眼,十年了[星星眼],十年了[星星眼],413400443,平平无奇的草种子,2025-04-06T11:56:10+00:00
BV1es411D7sW,[打call],打call,十年了[打call][打call],十年了[打call][打call],3493085692561668,高轩邈远,2025-04-05T22:34:43+00:00
BV1es411D7sW,[doge],doge,版权都买了你说呢[doge],版权都买了你说呢[doge],215160355,龍腾萬裏,2025-04-08T04:06:00+00:00
BV1es411D7sW,[笑哭],笑哭,有[笑哭],有[笑哭],263807551,Moment_7,2025-04-05T05:55:15+00:00
BV1es411D7sW,[打call],打call,十年！五千万！ [打call],十年！五千万！ [打call],525194494,默易IVX,2025-04-04T21:05:38+00:00
BV1es411D7sW,[笑哭],笑哭,十年了[笑哭],十年了[笑哭],3546744677730804,甘雨的狗0000000000,2025-04-04T15:33:10+00:00
BV1es411D7sW,[打call],打call,卧槽，10年了！雷总牛逼！[打call],卧槽，10年了！雷总牛逼！[打call],24717,晓月,2025-04-04T11:32:29+00:00
BV1es411D7sW,[大笑],大笑,都五千万播放了?时间真快啊[大笑],都五千万播放了?时间真快啊[大笑],450529610,goldfishking,2025-04-04T09:04:56+00:00
BV1es411D7sW,[吃瓜],吃瓜,[吃瓜],[吃瓜],1683734356,LVC89,2025-04-04T08:12:34+00:00
BV1es411D7sW,[doge],doge,马上就十年了[doge],马上就十年了[doge],1455293559,大カ王,2025-04-04T05:48:24+00:00
BV1es411D7sW,[笑哭],笑哭,好家伙原来雷总的鬼畜来自这儿呀[笑哭],好家伙原来雷总的鬼畜来自这儿呀[笑哭],1890794328,简朴的黑笔画者,2025-04-04T05:11:35+00:00
BV1es411D7sW,[打call],打call,十年之约，不见不散[打call][打call][打call][打call],十年之约，不见不散[打call][打call][打call][打call],1564496076,关恋拂雨,2025-04-04T05:01:52+00:00
BV1es411D7sW,[doge],doge,哈哈哈[吃瓜][doge],哈哈哈[吃瓜][doge],3493118118726337,不知清风吹落,2025-04-04T05:04:10+00:00
BV1es411D7sW,[笑哭],笑哭,我当时一直以为这是首歌，我当时觉得还挺有意思[笑哭],我当时一直以为这是首歌，我当时觉得还挺有意思[笑哭],346296595,鲎哈哈哈哈哈哈,2025-04-04T00:52:48+00:00
BV1es411D7sW,[笑哭],笑哭,我现在刚发现这是二创[笑哭],我现在刚发现这是二创[笑哭],1615325938,蛇院蓝羽,2025-04-04T04:29:19+00:00
BV1es411D7sW,[喜极而泣],喜极而泣,入驻B站后发现这是个二创，我人都愣了[喜极而泣],入驻B站后发现这是个二创，我人都愣了[喜极而泣],1111759777,姚酱的养成系男孩,2025-04-04T02:14:22+00:00
BV1es411D7sW,[打call],打call,10年之约！！！现在来啦！！！[打call],10年之约！！！现在来啦！！！[打call],408075563,残梦-呆梦,2025-04-03T20:05:06+00:00
BV1es411D7sW,[星星眼],星星眼,考古[星星眼],考古[星星眼],3493293413370638,faceNBest,2025-04-03T12:15:21+00:00
BV1es411D7sW,[思考],思考,都十年了[思考],都十年了[思考],149537171,Visionaries是GuI才,2025-04-03T05:07:35+00:00
BV1es411D7sW,[大笑],大笑,还是老鬼畜听着舒服[大笑],还是老鬼畜听着舒服[大笑],1748388860,堝䄚,2025-04-02T13:13:08+00:00
BV1es411D7sW,[doge],doge,雷军：Are you ok? SU7：I am fire [doge][doge][doge],雷军：Are you ok? SU7：I am fire [doge][doge][doge],325329793,有梦的追梦人,2025-04-02T01:10:37+00:00
BV1es411D7sW,[笑哭],笑哭,[笑哭][笑哭][笑哭],[笑哭][笑哭][笑哭],41054099,Yoshioka丶Kiyoe,2025-04-02T03:11:55+00:00
BV1es411D7sW,[吃瓜],吃瓜,25年了，已经十年啦[吃瓜],25年了，已经十年啦[吃瓜],96862334,Yanl颖,2025-04-01T17:55:57+00:00
BV1es411D7sW,[笑哭],笑哭,这个视频竟然不是最先破亿播放的，一定是我刷的太少了[笑哭],这个视频竟然不是最先破亿播放的，一定是我刷的太少了[笑哭],4457485,请以网名呼唤我,2025-04-01T13:29:59+00:00
BV1es411D7sW,[笑哭],笑哭,[笑哭][笑哭][笑哭],[笑哭][笑哭][笑哭],1216014287,刘家长工季伯长,2025-04-02T06:16:33+00:00
BV1es411D7sW,[笑哭],笑哭,笑不活了，很久以前看视频就会有人经常把这段音频插入进去，我还寻思咋整出来的这么魔性，现在终于有幸看到原视频了[笑哭][笑哭]感觉更好笑了,笑不活了，很久以前看视频就会有人经常把这段音频插入进去，我还寻思咋整出来的这么魔性，现在终于有幸看到原视频了[笑哭][笑哭]感觉更好笑了,1871471250,月流烟褚,2025-04-01T04:36:33+00:00
BV1es411D7sW,[喜极而泣],喜极而泣,才知道，打卡[喜极而泣],才知道，打卡[喜极而泣],30162107,iiiiiiipq,2025-03-31T10:55:06+00:00
BV1es411D7sW,[doge],doge,2025.3.31发工资的日子打卡[doge],2025.3.31发工资的日子打卡[doge],481185046,熠熠生辉718,2025-03-31T07:03:18+00:00
BV1es411D7sW,[呲牙],呲牙,回复 @FinaliEnde_终章 :[呲牙][呲牙],回复 @FinaliEnde_终章 :[呲牙][呲牙],481185046,熠熠生辉718,2025-04-03T15:27:11+00:00
BV1es411D7sW,[doge],doge,回复 @逆旅拾梦人 :不用羡慕，工资不多，扣了五险一金没多少[喜极而泣][doge],回复 @逆旅拾梦人 :不用羡慕，工资不多，扣了五险一金没多少[喜极而泣][doge],481185046,熠熠生辉718,2025-04-03T15:27:04+00:00
BV1es411D7sW,[doge],doge,现在还在su7里吗[doge],现在还在su7里吗[doge],1615325938,蛇院蓝羽,2025-04-04T04:30:42+00:00
BV1es411D7sW,[doge],doge,别人：我的黑历史我要删除！ 雷军：这是我的成名曲，没听过我的歌吗？我唱的（满脸自豪）[doge][妙啊],别人：我的黑历史我要删除！ 雷军：这是我的成名曲，没听过我的歌吗？我唱的（满脸自豪）[doge][妙啊],57180752,九重天揽星灬,2025-03-30T14:13:40+00:00
BV1es411D7sW,[笑哭],笑哭,我可太喜欢10年前的B站了。。哦。。我也是个玩了10年B站的老登了[笑哭],我可太喜欢10年前的B站了。。哦。。我也是个玩了10年B站的老登了[笑哭],7428897,空丶灬丿白,2025-03-30T10:39:28+00:00
BV1es411D7sW,[doge],doge,2025前来考古[doge],2025前来考古[doge],3493109772060791,依之永恒,2025-03-30T10:02:53+00:00
BV1es411D7sW,[打call],打call,[打call],[打call],157482968,魔花之核,2025-04-03T13:22:09+00:00
BV1es411D7sW,[打call],打call,再来亿遍[打call],再来亿遍[打call],19802873,唔系要作明星,2025-03-30T02:38:22+00:00
BV1es411D7sW,[星星眼],星星眼,十年前的视频了！[星星眼],十年前的视频了！[星星眼],1733230643,烛宝么么,2025-03-29T13:42:36+00:00
BV1es411D7sW,[喜极而泣],喜极而泣,还记得当初没有用b站，在某音乐平台听到了，还在想雷军是哪个歌手，我怎么没有听过[喜极而泣],还记得当初没有用b站，在某音乐平台听到了，还在想雷军是哪个歌手，我怎么没有听过[喜极而泣],671448328,赚到养老钱就RUN,2025-03-29T11:53:53+00:00
BV1es411D7sW,[星星眼],星星眼,我就不信还能有人，来一个，我🦌一发[星星眼][星星眼][星星眼][星星眼],我就不信还能有人，来一个，我🦌一发[星星眼][星星眼][星星眼][星星眼],1137752292,只因Hamburger,2025-03-29T10:00:04+00:00
BV1es411D7sW,[微笑],微笑,[微笑],[微笑],668630201,我能摸摸你的猫么,2025-03-29T11:16:53+00:00
BV1es411D7sW,[笑哭],笑哭,十年了[笑哭],十年了[笑哭],3546756050585767,鏚鏚乸鏚i,2025-03-29T08:53:29+00:00
BV1es411D7sW,[打call],打call,5000万[打call][打call],5000万[打call][打call],1271079166,bili_68585026743,2025-03-29T07:50:47+00:00
BV1es411D7sW,[吃瓜],吃瓜,还有人[吃瓜][吃瓜][吃瓜],还有人[吃瓜][吃瓜][吃瓜],1146572684,巨乘佛教的飞天意面神,2025-03-29T07:37:40+00:00
BV1es411D7sW,[doge],doge,[doge],[doge],863810,黑布林黑不黑,2025-03-29T09:25:57+00:00
BV1es411D7sW,[吃瓜],吃瓜,[吃瓜],[吃瓜],1146572684,巨乘佛教的飞天意面神,2025-03-29T07:37:26+00:00
BV1es411D7sW,[doge],doge,已经逃到了2025年3月29号，这下应该没有人了吧？[doge],已经逃到了2025年3月29号，这下应该没有人了吧？[doge],3546704892660523,无压力上分,2025-03-29T07:18:06+00:00
BV1es411D7sW,[笑哭],笑哭,五千万了[笑哭],五千万了[笑哭],696863241,死念-凋零,2025-03-29T07:00:28+00:00
BV1es411D7sW,[点赞],点赞,五千万打卡[点赞],五千万打卡[点赞],675700119,_飞天老虎钳_,2025-03-29T06:30:14+00:00
BV1es411D7sW,[doge],doge,孩子们来考古了[doge],孩子们来考古了[doge],1076949242,义宇般,2025-03-29T05:20:56+00:00
BV1es411D7sW,[笑哭],笑哭,十年了[笑哭],十年了[笑哭],107695005,叫啥好呢X,2025-03-28T18:38:57+00:00
BV1es411D7sW,[哦呼],哦呼,[哦呼],[哦呼],3546608746629229,李晨199,2025-03-28T15:06:25+00:00
BV1es411D7sW,[打call],打call,5000万[打call],5000万[打call],496001710,萌物控-,2025-03-28T14:39:00+00:00
BV1es411D7sW,[星星眼],星星眼,5000万[给心心][星星眼][星星眼],5000万[给心心][星星眼][星星眼],257811780,秋雁南飞yoyo,2025-03-28T14:32:24+00:00
BV1es411D7sW,[喜极而泣],喜极而泣,救命5000w 我第一次看到这么多[喜极而泣],救命5000w 我第一次看到这么多[喜极而泣],220431358,鲤鱼Carp_,2025-03-28T13:18:56+00:00
BV1es411D7sW,[打call],打call,恭喜5000万播放![打call],恭喜5000万播放![打call],1222217162,Divo4Pro,2025-03-28T12:23:55+00:00
BV1es411D7sW,[打call],打call,破5000万播放了！[打call][打call][打call],破5000万播放了！[打call][打call][打call],3546373928520454,一台蓝屏的ThinkPad,2025-03-28T11:54:30+00:00
BV1es411D7sW,[doge],doge,五千万打卡[doge],五千万打卡[doge],36240746,呆邓肯,2025-03-28T11:19:02+00:00
BV1es411D7sW,[doge],doge,5000w合影留念[doge],5000w合影留念[doge],3546814068296376,日耳曼尼亚的斯坦纳,2025-03-28T10:50:20+00:00
BV1es411D7sW,[大笑],大笑,合影～[大笑],合影～[大笑],1793000019,Cheese阿柴,2025-03-28T09:46:44+00:00
BV1es411D7sW,[doge],doge,5000w合影留念[doge],5000w合影留念[doge],3546616818567465,风尘扫描,2025-03-28T09:20:30+00:00
BV1es411D7sW,[doge],doge,5000w合影留念[doge],5000w合影留念[doge],20346478,荻花秋瑟瑟_,2025-03-28T09:09:24+00:00
BV1es411D7sW,[doge],doge,5000W合影留念[doge],5000W合影留念[doge],650410507,联舍国,2025-03-28T08:48:26+00:00
BV1es411D7sW,[打call],打call,5000W合影留念[打call],5000W合影留念[打call],519862462,有头脑和不高兴诶,2025-03-28T08:26:03+00:00
BV1es411D7sW,[星星眼],星星眼,5000W[热词系列_打卡][星星眼],5000W[热词系列_打卡][星星眼],3493112657742585,莫名嘚嘚,2025-03-28T05:27:41+00:00
BV1es411D7sW,[doge],doge,马上破5000w了[doge],马上破5000w了[doge],1112070147,极吧弯GeerBarWan,2025-03-27T16:07:44+00:00
BV1es411D7sW,[喜极而泣],喜极而泣,回复 @西瓜炒折耳根 :破了[喜极而泣],回复 @西瓜炒折耳根 :破了[喜极而泣],681149611,Z犬夜叉,2025-03-28T06:34:57+00:00
BV1es411D7sW,[doge],doge,.9了[doge],.9了[doge],2005330449,樱染穹,2025-03-28T04:28:31+00:00
BV1es411D7sW,[打call],打call,助力5000万[打call],助力5000万[打call],1187594180,觏头皇帝1,2025-03-27T14:39:51+00:00
BV1es411D7sW,[doge],doge,@Mr.Lemon 不出来表示一下[doge],@Mr.Lemon 不出来表示一下[doge],1670269086,一只玩BA的HXD3D,2025-03-27T13:32:23+00:00
BV1es411D7sW,[打call],打call,助力5000万[打call],助力5000万[打call],346328918,番茄爱吃红豆,2025-03-27T13:15:36+00:00
BV1es411D7sW,[笑哭],笑哭,[笑哭],[笑哭],1879586656,Collapse_余火,2025-03-27T13:07:30+00:00
BV1es411D7sW,[笑哭],笑哭,给雷布斯整成欧美男歌手了[笑哭],给雷布斯整成欧美男歌手了[笑哭],676033655,无情123到此,2025-03-26T16:57:06+00:00
BV1es411D7sW,[doge],doge,10年冲冲5000w[doge],10年冲冲5000w[doge],3493268297878213,Glambrix,2025-03-26T14:30:07+00:00
BV1es411D7sW,[doge],doge,十周年可以5000w播放嘛[doge],十周年可以5000w播放嘛[doge],2115516053,不吃酸菜鱼啦_奋斗版,2025-03-26T11:10:56+00:00
BV1es411D7sW,[doge],doge,感觉可以[doge]，大家加把劲儿,感觉可以[doge]，大家加把劲儿,3546373928520454,一台蓝屏的ThinkPad,2025-03-26T11:16:08+00:00
BV1es411D7sW,[doge],doge,十年之后回来考古[doge]现在这个视频已经4997万播放了,十年之后回来考古[doge]现在这个视频已经4997万播放了,1154254786,在下啊星很细,2025-03-26T09:14:00+00:00
BV1es411D7sW,[doge],doge,苹果版B站有随音乐振动的功能[doge],苹果版B站有随音乐振动的功能[doge],470129214,行者DVS,2025-03-26T05:49:02+00:00
BV1es411D7sW,[喜极而泣],喜极而泣,回复 @境界隨想 :谢谢，我才知道[喜极而泣],回复 @境界隨想 :谢谢，我才知道[喜极而泣],24475483,双慧,2025-03-26T15:53:29+00:00
BV1es411D7sW,[打call],打call,十年了[打call],十年了[打call],22903471,粉条酱单项奖,2025-03-26T01:42:10+00:00
BV1es411D7sW,[笑哭],笑哭,包浆了[笑哭][笑哭],包浆了[笑哭][笑哭],2091100243,律酱_,2025-03-26T04:04:09+00:00
BV1es411D7sW,[doge],doge,雷总来看看[doge]@雷军,雷总来看看[doge]@雷军,3546612450199776,集模社,2025-03-25T14:43:37+00:00
BV1es411D7sW,[笑哭],笑哭,原来雷总已经火了这么多年了[笑哭][笑哭][笑哭] 算是企业家第一网红吧,原来雷总已经火了这么多年了[笑哭][笑哭][笑哭] 算是企业家第一网红吧,11337888,不可描述的恋之空吾君,2025-03-25T11:14:17+00:00
BV1es411D7sW,[笑哭],笑哭,[笑哭],[笑哭],573893826,毛毛雨202211,2025-03-25T10:36:00+00:00
BV1es411D7sW,[笑哭],笑哭,马上五千万播放了[笑哭],马上五千万播放了[笑哭],30377431,孑孓虫豸,2025-03-25T05:13:56+00:00
BV1es411D7sW,[妙啊],妙啊,[妙啊][妙啊][妙啊]笑死我了哈哈哈哈,[妙啊][妙啊][妙啊]笑死我了哈哈哈哈,473249805,寒鸦栖复惊b25小行星,2025-03-25T04:35:44+00:00
BV1es411D7sW,[doge],doge,小米之家，雷总doodle摇时代前来考古[doge],小米之家，雷总doodle摇时代前来考古[doge],32820977,艾の萝莉,2025-03-25T00:20:46+00:00
